Territory,County,Address,Max.Sim.CCS,Max.Sim.CHAd eMo,Max.Sim.Fast AC,Max.Sim. AC Socket,CCS kWs,CHAd eMO kWs,AC Fast kWs,AC Socket kWs,Latitude,Longitude,Open Hours,Route / Exit
RoI,Carlow,"The Parade, Bagenalstown",0,0,0,2,,,,22(2),52.702794,-6.955983,24 x 7,
,,"Tesco Carlow, Fairgreen Shopping Centre,",,,,,,,,,,,,
RoI,Carlow,"Carlow, Carlow",0,0,0,2,,,,22(2),52.834672,-6.922117,24 x 7,
,,"Four Lakes Retail Park, Dublin Road, Carlow",,,,,,,,,,,,
RoI,Carlow,Town,1,1,1,0,50,50,43,,52.846593,-6.902268,24 x 7,
RoI,Carlow,"Irish Rail, Railway Road, Carlow Town",0,0,0,2,,,,22(2),52.841045,-6.923077,24 x 7,
,,"Town Hall Car Park, Off Barrow Track, Carlow",,,,,,,,,,,,
RoI,Carlow,Town,0,0,0,2,,,,22(2),52.837679,-6.933489,24 x 7,
RoI,Carlow,"Public Car Park, Kennedy Street, Carlow Town",0,0,0,2,,,,22(2),52.836223,-6.933315,24 x 7,
,,"Hanover Bus Car Park, Barrack Street, Carlow",,,,,,,,,,,,
RoI,Carlow,Town,4,0,0,100(4),,,,,52.833492,-6.927016,24 x 7,
RoI,Carlow,"Inner Relief Road, Tullow",0,0,0,2,,,,22(2),52.801581,-6.736986,24 x 7,
RoI,Carlow,"Tesco Tullow, Abbey St, Templeowen, Tullow",0,0,0,2,,,,22(2),52.800607,-6.738443,24 x 7,
RoI,Cavan,"Main Street, Bailieborough",0,0,0,2,,,,22(2),53.917571,-6.972487,24 x 7,
,,"Tesco Superstore, Thomas St, Beckscourt,",,,,,,,,,,,,
RoI,Cavan,"Bailieborough, Co. Cavan, Bailieborough",0,0,0,2,,,,22(2),53.917492,-6.968299,24 x 7,
RoI,Cavan,"The Grove, Ballyjamesduff",0,0,0,2,,,,22(2),53.86385,-7.204457,24 x 7,
,,"Off Farnham Street, Cavan Circuit Court",,,,,,,,,,,,
RoI,Cavan,"Carpark, Cavan Town",1,1,0,1,50,50,,22,53.99358,-7.361327,24 x 7,
RoI,Cavan,"Dublin Road, Cavan Town",0,0,0,2,,,,22(2),53.985547,-7.359682,24 x 7,
RoI,Cavan,"Market Street, Cootehill",0,0,0,2,,,,22(2),54.075084,-7.079692,24 x 7,
RoI,Cavan,"Cavan Townhall, Townhall Street",2,0,0,100(2),,,,,53.991275,-7.36233,24 x 7,
,,"Public Car Park, Off Abbey Street & Bank Place,",,,,,,,,,,,,
RoI,Clare,Ennis,0,0,0,2,,,,22(2),52.845081,-8.98337,24 x 7,
RoI,Clare,"Circle K Ennis, Limerick Road, Ennis",1,1,1,0,50,50,43,,52.83078,-8.979003,24 x 7,
RoI,Clare,"Public Car Park, East End, Kilkee",1,1,0,0,100,50,,,52.683379,-9.647069,24 x 7,
RoI,Clare,"Tesco Kilrush,Ennis Rd, Kilrush Co. Clare, Kilrush",0,0,0,2,,,,22(2),52.642286,-9.477311,24 x 7,
,,"Public Car Park, N67/Milltown Malbay Road,",,,,,,,,,,,,
RoI,Clare,Lahinch,1,1,0,1,50,50,22,52.928911,-9.346292,24 x 7,N67 N67,
RoI,Clare,"Hydro Hotel, Main Street, Lisdoonvarna",0,0,0,2,,,22(2),53.027069,-9.290289,24 x 7,,
,,"Supervalu Car Park, Ennis Road, Miltown",,,,,,,,,,,,
RoI,Clare,Malbay,0,0,0,2,,,22(2),52.854144,-9.398487,24 x 7,,
RoI,Clare,"Ennis Road, Newmarket-on-Fergus",0,0,0,2,,,22(2),52.761544,-8.897258,24 x 7,,
,,"Circle K Service Station, Airport Road,",,,,,,,,,,,,
RoI,Clare,"Tullyvaragh, Shannon",1,1,1,0,50,50,43,52.712696,-8.875768,24 x 7,,
,,"Shannon Town Centre,Bealach Bri, Shannon,",,,,,,,,,,,,
RoI,Clare,V14 VH27,0,0,0,2,,,22(2),52.708166,-8.877128,24 x 7,,
RoI,Clare,"The Green, Sixmilebridge",0,0,0,2,,,22(2),52.741566,-8.775394,24 x 7,,
RoI,Cork,"Ballymodan Car Park, Bandon",0,0,0,2,,,22(2),51.744085,-8.739443,24 x 7,,
,,,,,,,,,,,,Mon:07:00-22:00,,
,,,,,,,,,,,,Tue:07:00-22:00,,
,,,,,,,,,,,,Wed:07:00-22:00,,
,,,,,,,,,,,,Thu:07:00-22:00,,
,,,,,,,,,,,,Fri:07:00-22:00,,
,,,,,,,,,,,,Sat:07:00-22:00,,
RoI,Cork,"Hernons Great Gas, Bypass Road, Bandon",1,1,1,0,50,50,43,51.741434,-8.728538,Sun:07:30-21:00,,
,,"Harbour View Car Park, Wolfe Tone Square,",,,,,,,,,,,,
RoI,Cork,Bantry,0,0,0,2,,,22(2),51.681417,-9.456825,24 x 7,,
RoI,Cork,"Castle Close Road, Blarney",0,0,0,2,,,22(2),51.931807,-8.566211,24 x 7,,
,,"Owenabue Car Park, Off Main Street & Eastern",,,,,,,,,,,,
RoI,Cork,"Relief Road, Carrigaline",0,0,0,2,,,22(2),51.814197,-8.389447,24 x 7,,
RoI,Cork,"The Square, Castletownbere",0,0,0,2,,,22(2),51.650662,-9.910673,24 x 7,,
RoI,Cork,"The Turrets, Off Main Street, Charleville",0,0,0,2,,,22(2),52.358365,-8.686061,24 x 7,,
RoI,Cork,"Irish Rail Station, Railway Road, Charleville",0,0,0,2,,,22(2),52.346839,-8.65417,24 x 7,,
,,"Deasy's Public Car Park, Park Road (N71),",,,,,,,,,,,,
RoI,Cork,Clonakilty,1,1,0,1,50,50,22,51.620831,-8.88957,24 x 7,N71 N71,
RoI,Cork,"Off Park Lane, Cobh",0,0,0,2,,,22(2),51.852858,-8.295589,24 x 7,,
,,"Musgrave Group HQ, Ballycurreen, Kinsale Road",,,,,,,,,,,,
RoI,Cork,"/ Airport Road, Cork",0,0,0,2,,,22(2),51.867458,-8.474982,24 x 7,,
,,"Deasy's Circle K Service Station, Commons Road,",,,,,,,,,,,,
RoI,Cork,Cork City,1,1,1,0,50,50,43,51.919755,-8.482733,24 x 7,,
RoI,Cork,"95 Glanmire Road, Cork City",0,0,0,2,,,22(2),51.902541,-8.456486,24 x 7,,
,,"Irish Rail Kent Station, Lower Glanmire Road,",,,,,,,,,,,,
RoI,Cork,Cork City,0,0,0,2,,,22(2),51.9021,-8.45634,24 x 7,,
RoI,Cork,"51 South Mall, Cork City",0,0,0,2,,,22(2),51.896298,-8.473326,24 x 7,,
RoI,Cork,"Copley Street (@Cotter St), Cork City",0,0,0,2,,,22(2),51.89519,-8.466071,24 x 7,,
RoI,Cork,"Copley Street (Opp. Keohanes), Cork City",0,0,0,2,,,22(2),51.895178,-8.467683,24 x 7,,
,,"Cork County Hall, Carrigrohane Road, Sunday's",,,,,,,,,,,,
RoI,Cork,"Well, Cork City",0,0,0,2,,,22(2),51.893018,-8.507823,24 x 7,,
,,"Black Ash Park and Ride, Off South City Link",,,,,,,,,,,,
RoI,Cork,"Road, Cork City",0,0,0,2,,,22(2),51.87859,-8.466504,24 x 7,,
,,"Circle K/Centra, Rochestown Road, Rochestown,",,,,,,,,,,,,
RoI,Cork,Cork City,2,2,0,"1150, 5070, 50",,,22,51.877,-8.3954,24 x 7,,
RoI,Cork,"Carrigaline Road, Crosshaven",0,0,0,2,,,22(2),51.803537,-8.30804,24 x 7,,
,,"Tanyard Lane Car Park (Off Main Street, Beside",,,,,,,,,,,,
,,"Supervalu; access also via Sackville Mews),",,,,,,,,,,,,
RoI,Cork,"Dunmanway, A01",0,0,0,2,,,22(2),51.721615,-9.111517,24 x 7,,
,,"Amber Service Station, Dublin Rd, Ballynamona,",,,,,,,,,,,,
RoI,Cork,Fermoy,3,3,0,"1150(2), 5070(2), 50",,,22,52.150444,-8.27808,24 x 7,,
RoI,Cork,"Supervalu, Courthouse Road, Fermoy",1,1,1,0,50,50,43,52.13766,-8.266641,24 x 7,,
,,"Circle K Service Station Frankfield, Frankfield",,,,,,,,,,,,
RoI,Cork,"Road, Frankfield",2,2,0,150(2),70(2),,,51.872405,-8.470652,24 x 7,,
RoI,Cork,"Kenmare Road, Glengariff",0,0,0,2,,,22(2),51.750022,-9.553212,24 x 7,,
RoI,Cork,"Fire Brigade Car Park, New Road, Kinsale",1,1,0,1,50,50,22,51.70866,-8.5204,24 x 7,,
,,"Macroom Council Car Park, Fair Green,",,,,,,,,,,,,
RoI,Cork,Macroom,1,1,1,0,50,50,43,51.90491,-8.954018,24 x 7,,
RoI,Cork,"Irish Rail Mallow Station, Limerick Road, Mallow",0,0,0,2,,,22(2),52.139237,-8.654588,24 x 7,,
,,"Tesco Mallow, Annabella Park, Mallow, Co.",,,,,,,,,,,,
RoI,Cork,"Cork, Mallow",0,0,0,2,,,22(2),52.136471,-8.64638,24 x 7,,
RoI,Cork,"Public Car Park, The Green, Midleton",0,0,0,2,,,22(2),51.916846,-8.174847,24 x 7,,
,,"Tesco Mitchelstown, Brigown Rd, Brigown,",,,,,,,,,,,,
RoI,Cork,"Mitchelstown, Co. Cork, Mitchelstown",0,0,0,2,,,22(2),52.263013,-8.268026,24 x 7,,
,,"Public Car Park, Strand Road (R610),",,,,,,,,,,,,
RoI,Cork,Monkstown,0,0,0,2,,,22(2),51.849032,-8.331938,24 x 7,R610,
,,"Norton House Car Park, Cork Road, Skibbereen,",,,,,,,,,,,,
RoI,Cork,A01,1,1,0,1,50,50,22,51.553716,-9.262225,24 x 7,,
,,"Tesco Youghal, Mill Rd, Greencloyne, Youghal,",,,,,,,,,,,,
RoI,Cork,"Cork, Youghal",0,0,0,2,,,22(2),51.959203,-7.854046,24 x 7,,
RoI,Cork,"Dolphin's Place, Youghal",1,1,0,1,50,50,22,51.956697,-7.850032,24 x 7,,
RoI,Donegal,"Navenny Street, Ballybofey",0,0,0,2,,,22(2),54.797965,-7.783045,24 x 7,,
,,"Market Yard Car Park, Main Street,",,,,,,,,,,,,
RoI,Donegal,Ballyshannon,0,0,0,2,,,22(2),54.501145,-8.188621,24 x 7,,
RoI,Donegal,"Public Car Park, Nailors Row, Buncrana",0,0,0,2,,,22(2),55.137602,-7.456888,24 x 7,,
RoI,Donegal,"Ferris Lane, Buncrana",0,0,0,2,,,22(2),55.135935,-7.452539,24 x 7,,
,,"Public Car Park, Off R123 Relief Road,",,,,,,,,,,,,
RoI,Donegal,Carndonagh,0,0,0,2,,,22(2),55.251378,-7.262612,24 x 7,R123,
RoI,Donegal,"Public Car Park, Quay Street, Donegal Town",0,0,0,2,,,22(2),54.65153,-8.112858,24 x 7,,
,,"Donegal Service Station (Supermac's),",,,,,,,,,,,,
RoI,Donegal,"Ballybofey Road, Drumlonagher, F94N24R",4,4,0,200(4),,70(4),,54.658974,-8.089066,24 x 7,,
RoI,Donegal,"Off Lower Main Street, Dungloe",1,1,0,1,50,50,22,54.950297,-8.362137,24 x 7,,
RoI,Donegal,"Public Car Park, Strand Road, Falcarragh",0,0,0,2,,,22(2),55.13683,-8.10418,24 x 7,,
RoI,Donegal,"Mill Road, Glenties",0,0,0,2,,,22(2),54.798248,-8.284545,24 x 7,,
RoI,Donegal,"Shore Road, Killybegs",1,1,0,1,50,50,22,54.636031,-8.443325,24 x 7,,
,,"Kee's Circle K Service Station, N15/R232",,,,,,,,,,,N15-R232,
RoI,Donegal,"Junction, Laghey",2,2,0,2,50(2),50(2),22(2),54.614937,-8.089765,24 x 7,N15,
,,"Hospital Car Park, Kilmacrennan Road,",,,,,,,,,,,,
RoI,Donegal,Letterkenny,0,0,0,2,,,22(2),54.961006,-7.731468,24 x 7,,
,,"An Grianán Theatre Car Park, Port Road, ,",,,,,,,,,,,,
RoI,Donegal,Letterkenny,0,0,0,2,,,22(2),54.9531,-7.733,24 x 7,,
,,"Tobin's Circle K Service Station, Port Road,",,,,,,,,,,,,
RoI,Donegal,Letterkenny,2,0,0,100(2),,,,54.9521,-7.72542,24 x 7,,
,,"Justice Walsh Car Park, Off Bank Lane,",,,,,,,,,,,,
RoI,Donegal,Letterkenny,1,1,0,1,50,50,22,54.951508,-7.734554,24 x 7,,
,,"Daly's Circle K Service Station, Letterkenny",,,,,,,,,,,,
RoI,Donegal,"Road, Lifford",1,1,0,3,50,50,22(3),54.833245,-7.48663,24 x 7,,
RoI,Donegal,"Main Street, Stranorlar",0,0,0,2,,,22(2),54.804946,-7.768815,24 x 7,,
RoI,Dublin,"Irish Rail, Railway Street, Balbriggan",0,0,0,2,,,7(2),53.611523,-6.182852,24 x 7,,
RoI,Dublin,"Public Car Park, Mill Street, Balbriggan",0,0,0,2,,,22(2),53.610233,-6.182937,24 x 7,,
,,"Irish Rail Booterstown DART Station, Rock Road,",,,,,,,,,,,,
RoI,Dublin,Blackrock,0,0,0,2,,,22(2),53.310296,-6.195844,24 x 7,,
,,"Irish Rail Blackrock DART Station, Bath Place,",,,,,,,,,,,,
RoI,Dublin,Blackrock,0,0,0,2,,,22(2),53.302596,-6.178974,24 x 7,,
RoI,Dublin,"Tesco Cabra, Navan Road, Northside, Cabra",0,0,0,2,,,22(2),53.360629,-6.299333,24 x 7,,
,,"The Park Retail Centre, Glenamuck road,",,,,,,,,,,,,
RoI,Dublin,Carrickmines,0,0,0,2,,,22(2),53.251009,-6.185082,24 x 7,,
,,"Irish Rail Dalkey DART Station, Ardeveehan",,,,,,,,,,,,
RoI,Dublin,"Road, Dalkey",0,0,0,2,,,22(2),53.275704,-6.103034,24 x 7,,
,,"Maxol Filling Station, M1 Junction 4 (R132),",,,,,,,,,,,M1 M1,
RoI,Dublin,"Turvey, Donabate",1,1,1,0,50,50,43,53.492693,-6.197212,24 x 7,Junction 4,
,,"Tesco Rush, Whitestown Rd., Rush, Co. Dublin,",,,,,,,,,,,,
RoI,Dublin,Dublin,0,0,0,2,,,22(2),53.523101,-6.102373,24 x 7,,
,,"Tesco Kinnegad, Kinnegad, Co. Westmeath,",,,,,,,,,,,,
RoI,Dublin,Dublin,0,0,0,2,,,22(2),53.453217,-7.104172,24 x 7,,
,,"Tesco Clarehall, Malahide Rd, Northern Cross,",,,,,,,,,,,,
RoI,Dublin,"Dublin, Dublin",0,0,0,2,,,22(2),53.401559,-6.179905,24 x 7,,
,,"Tesco Artane, Artane Castle, Kilmore Rd, Artane,",,,,,,,,,,,,
RoI,Dublin,"Co. Dublin, Dublin",0,0,0,2,,,22(2),53.383207,-6.216304,24 x 7,,
,,"Tesco Finglas Clearwater, Clearwater Shopping",,,,,,,,,,,,
RoI,Dublin,"Centre, Finglas, Dublin, Dublin",0,0,0,2,,,22(2),53.383092,-6.296249,24 x 7,,
,,"Tesco Blanchardstown, Roselawn Shopping",,,,,,,,,,,,
,,"Centre, Roselawn Rd, Blanchardstown, Co.",,,,,,,,,,,,
RoI,Dublin,"Dublin, Dublin",0,0,0,2,,,22(2),53.382607,-6.381065,24 x 7,,
,,"Circle K Service Station, Finglas Road, Glasnevin,",,,,,,,,,,,,
RoI,Dublin,"Glasnevin, Dublin",1,1,1,0,50,50,43,53.370817,-6.280923,24 x 7,,
,,"Tesco Lucan, Tesshopping Centre, Hillcrest Dr,",,,,,,,,,,,,
RoI,Dublin,"Lucan, Co. Dublin, Dublin",0,0,0,2,,,22(2),53.352862,-6.459997,24 x 7,,
,,"Tesco Liffey Valley, Fonthill Rd, Liffey Valley,",,,,,,,,,,,,
RoI,Dublin,"Clondalkin, Co. Dublin, Dublin",,0,0,0,4,,,22(4),53.350242,-6.388903,24 x 7,
,,"Irish Rail Heuston Train Station, St. Johns Road",,,,,,,,,,,,
RoI,Dublin,"West, Dublin",,0,0,0,4,,,22(4),53.346032,-6.292832,24 x 7,
,,"Tesco Clondalkin, Boot Rd, Clondalkin, Co.",,,,,,,,,,,,
RoI,Dublin,"Dublin, Dublin",,0,0,0,2,,,22(2),53.3201,-6.394229,24 x 7,
,,"Circle K Service Station, Promenade Road,",,,,,,,,,,,,
RoI,Dublin,Dublin,1,2,2,0,2,50(2),50(2),22(2),53.353856,-6.212747,24 x 7,
,,"Parnell Square West, Outside Rotunda Hospital,",,,,,,,,,,,,
RoI,Dublin,Dublin,1,0,0,0,2,,,22(2),53.353218,-6.264812,24 x 7,
RoI,Dublin,"Greek Street, Dublin",1,0,0,0,2,,,22(2),53.347479,-6.273155,24 x 7,
RoI,Dublin,"North Wall Quay, Dublin",1,0,0,0,2,,,22(2),53.347085,-6.23198,24 x 7,
RoI,Dublin,"Sir John Rogerson's Quay, Dublin",2,2,2,0,2,50(2),50(2),22(2),53.345953,-6.238395,24 x 7,
RoI,Dublin,"Mark Street, Dublin",2,0,0,0,2,,,22(2),53.3453,-6.2513,24 x 7,
RoI,Dublin,"Merrion Square Park, Dublin",2,0,0,0,2,,,22(2),53.340947,-6.250199,24 x 7,
RoI,Dublin,"Lower Pembroke Street, Dublin",2,0,0,0,2,,,22(2),53.336699,-6.252228,24 x 7,
RoI,Dublin,"Mount Street Crescent, Dublin",2,0,0,0,2,,,22(2),53.336496,-6.242715,24 x 7,
RoI,Dublin,"Earlsfort Terrace, Dublin",2,0,0,0,2,,,22(2),53.335409,-6.257851,24 x 7,
RoI,Dublin,"Herbert Street, Dublin",2,0,0,0,2,,,22(2),53.335203,-6.246205,24 x 7,
RoI,Dublin,"Court Apartments, Wilton Place, Dublin",2,0,0,0,2,,,22(2),53.3344,-6.24871,24 x 7,
RoI,Dublin,"Synge Street, Dublin",2,0,0,0,2,,,22(2),53.333894,-6.267083,24 x 7,
RoI,Dublin,"29 Adelaide Road, Dublin",2,0,0,0,2,,,22(2),53.332326,-6.255804,24 x 7,
,,"Irish Rail Clontarf DART Station, Clontarf Road, ,",,,,,,,,,,,,
RoI,Dublin,Dublin,3,0,0,0,2,,,22(2),53.362913,-6.227746,24 x 7,
RoI,Dublin,"Kincora Road, Dublin",3,0,0,0,2,,,22(2),53.360832,-6.183082,24 x 7,
RoI,Dublin,"Thorncastle Street, Dublin",4,0,0,0,2,,,22(2),53.342945,-6.228056,24 x 7,
RoI,Dublin,"South Lotts Road, Dublin",4,0,0,0,2,,,22(2),53.338798,-6.232894,24 x 7,
RoI,Dublin,"Belmont Avenue, Dublin",4,0,0,0,2,,,22(2),53.322343,-6.238683,24 x 7,
,,"SuperValu Raheny, Raheny Shopping Centre,",,,,,,,,,,,,
RoI,Dublin,"Clontarf East, Dublin","5, D05 EY66",3,3,0,"1150(2), 5070(2), 50",,,22,53.380519,-6.180895,24 x 7,
RoI,Dublin,"Chelmsford Road, Dublin",6,0,0,0,2,,,22(2),53.325515,-6.252422,24 x 7,
RoI,Dublin,"Tesco Metro, Rathmines Rd Upper, Dublin",6,0,0,0,2,,,22(2),53.321013,-6.265924,24 x 7,
,,"Circle K Service Station, Templeville Road,",,,,,,,,,,,,
RoI,Dublin,Dublin,6,1,1,1,0,50,50,43,53.3044,-6.3138,24 x 7,
RoI,Dublin,"Nelson Street, Dublin",7,0,0,0,2,,,22(2),53.3582,-6.2672,24 x 7,
RoI,Dublin,"St. Joseph's Road, Dublin",7,0,0,0,2,,,22(2),53.354892,-6.287405,24 x 7,
RoI,Dublin,"Liffey Street West, Dublin",7,0,0,0,2,,,22(2),53.347636,-6.285234,24 x 7,
RoI,Dublin,"Golden Lane, Dublin",8,0,0,0,2,,,22(2),53.340668,-6.268429,24 x 7,
RoI,Dublin,"Hollybank Road, Dublin",9,0,0,0,2,,,22(2),53.366828,-6.256153,24 x 7,
RoI,Dublin,"Finglas Road, Dublin 11",,0,0,0,2,,,22(2),53.369052,-6.276341,24 x 7,
RoI,Dublin,"The Plaza, Park West Road, Dublin 12",,0,0,0,2,,,22(2),53.331883,-6.372194,24 x 7,
RoI,Dublin,"Crumlin Road, Dublin 12",,0,0,0,2,,,22(2),53.329905,-6.299208,24 x 7,
RoI,Dublin,"St. Agnes Road, Dublin 12",,0,0,0,2,,,22(2),53.31948,-6.315448,24 x 7,
,,"Supervalu Kimmage, Sundrive Shopping Centre,",,,,,,,,,,,,
RoI,Dublin,"Sundrive Road, Dublin 12",,3,3,0,"1150(2), 5070(2), 50",,,22,53.319291,-6.292925,24 x 7,
RoI,Dublin,"Greenhills Road, Dublin 12",,0,0,0,2,,,22(2),53.316717,-6.333704,24 x 7,
RoI,Dublin,"Sutton DART Station, Station Road, Dublin 13",,0,0,0,2,,,22(2),53.391623,-6.116236,24 x 7,
RoI,Dublin,"Main Street, Dublin 14",,0,0,0,2,,,22(2),53.290689,-6.245232,24 x 7,
,,"Dundrum Shopping Centre, Wyckham Way,",,,,,,,,,,,,
RoI,Dublin,Dublin 14,,0,0,0,4,,,22(4),53.286679,-6.240973,24 x 7,
,,"Blanchardstown HPC Hub, Retail Park 1,",,,,,,,,,,,,
RoI,Dublin,"Blanchardstown Centre,, Dublin 15",,8,8,0,200(8),70(8),,,53.395341,-6.389534,24 x 7,
RoI,Dublin,"Blanchardstown Centre, Navan Road, Dublin 15",,2,2,0,"1150, 5070, 50",,,22,53.392154,-6.39283,24 x 7,
RoI,Dublin,"Mill Road, Dublin 15",,0,0,0,2,,,22(2),53.386875,-6.374254,24 x 7,
,,"Irish Rail Coolmine Train Station,",,,,,,,,,,,,
RoI,Dublin,"Carpenterstown Road, Dublin 15",,0,0,0,2,,,22(2),53.377326,-6.391846,24 x 7,
RoI,Dublin,"Park Avenue, Castleknock, Dublin 15",,0,0,0,2,,,22(2),53.375177,-6.364012,24 x 7,
,,"SuperValu Knocklyon,Knocklyon Road,",,,,,,,,,,,,
RoI,Dublin,"Templeogue Village, Dublin 16, D16 W2V0",,3,3,0,"1200(2), 5070(2), 50",,,22,53.282888,-6.31908,24 x 7,
,,"Tesco White Pines, Stocking Avenue, Dublin,",,,,,,,,,,,,
RoI,Dublin,"D16 V3K2, Dublin 16, D16 V3K2",,0,0,0,2,,,22(2),53.273049,-6.31502,24 x 7,
,,"Circle K Service Station, Clonshaugh Road,",,,,,,,,,,,,
RoI,Dublin,Dublin 17,,1,1,1,0,50,50,43,53.412778,-6.216111,24 x 7,
,,"Northside Shopping Centre, Oscar Traynor",,,,,,,,,,,,
RoI,Dublin,"Road, Dublin 17, D17 TP66",,3,1,0,"1150(2), 50 50",,,22,53.395465,-6.214452,24 x 7,
,,"Stillorgan Luas Park & Ride, Blackthorn Drive,",,,,,,,,,,,,
RoI,Dublin,"Stillorgan Office Park, Dublin 18",,1,1,1,4,50,50,43,22(4),53.280332,-6.213815,24 x 7
,,"Sandyford Luas Park and Ride, Blackthorn",,,,,,,,,,,,
RoI,Dublin,"Avenue, Dublin 18",,0,0,0,2,,,22(2),53.277164,-6.203613,24 x 7,
RoI,Dublin,"Bray Road, Dublin 18",,0,0,0,2,,,22(2),53.260088,-6.149376,24 x 7,
,,"Carrickmines Luas Park and Ride, Off Glenamuck",,,,,,,,,,,,
RoI,Dublin,"Road North Roundabout, Dublin 18",,0,0,0,4,,,22(4),53.252775,-6.169813,24 x 7,
,,"Shankhill Dart Station, Shanganagh Wood,",,,,,,,,,,,,
RoI,Dublin,Dublin 18,,0,0,0,2,,,22(2),53.236875,-6.11792,24 x 7,
,,"Circle K Service Station Newlands Cross (R113),",,,,,,,,,,,,
RoI,Dublin,"Fonthill Road (R113), Dublin 22",,1,1,1,0,50,50,43,53.3145,-6.39389,24 x 7,R113
,,"The Square Shopping Centre, Belgard Road",,,,,,,,,,,,
RoI,Dublin,"(R113), Dublin 24",,1,1,0,3,50,50,22(3),53.285621,-6.369887,24 x 7,R113
RoI,Dublin,"Main Street, Dublin 24",,0,0,0,2,,,22(2),53.281093,-6.469944,24 x 7,
,,"Circle K Service Station, Corballis Road North,",,,,,,,,,,,,
RoI,Dublin,Dublin Airport,,1,1,1,0,50,50,43,53.428658,-6.234603,24 x 7,
RoI,Dublin,"Marine Road, Dun Laoghaire",,0,0,0,2,,,22(2),53.2938,-6.1348,24 x 7,
,,"Park Pointe Shopping Centre, Glenageary Road",,,,,,,,,,,,
RoI,Dublin,"Upper, Dun Laoghaire",,3,1,0,100(3),,50,,53.282568,-6.143881,24 x 7,
,,"Lucan Shopping Centre (SuperValu), Newcastle",,,,,,,,,,,,
RoI,Dublin,Road (R120 At,"N4 Jnct 4), Lucan",1,1,0,0,100,50,,53.349266,-6.452681,24 x 7,
,,"Irish Rail Rush and Lusk Train Station, Station",,,,,,,,,,,,
RoI,Dublin,"Road, Lusk",,0,0,0,2,,,7(2),53.520646,-6.144629,24 x 7,
,,"Malahide DART Station, Railway Avenue,",,,,,,,,,,,,
RoI,Dublin,Malahide,,0,0,0,2,,,22(2),53.451478,-6.156156,24 x 7,
RoI,Dublin,"James's Terrace, Malahide, Malahide",,0,0,0,2,,,22(2),53.451232,-6.15157,24 x 7,
RoI,Dublin,"Supervalu Newcastle, Graydon Road, Newcastle",,4,0,0,100(4),,,,53.298772,-6.496403,24 x 7,
,,"Citywest Shopping Centre Car Park, Citywest",,,,,,,,,,,,
RoI,Dublin,"Drive, Saggart",,0,0,0,2,,,22(2),53.283222,-6.421705,24 x 7,
RoI,Dublin,"Public Parking, South Strand Road, Skerries",0,0,0,2,,,22(2),53.578784,-6.104879,24 x 7,,
,,"Talbot Hotel Stillorgan, Stillorgan Road,",,,,,,,,,,,,
RoI,Dublin,Stillorgan,2,0,0,100(2),,,,53.295343,-6.203373,24 x 7,,
RoI,Dublin,"Old Dublin Road, Stillorgan",0,0,0,2,,,22(2),53.290457,-6.199702,24 x 7,,
RoI,Dublin,"Main Street, Swords",0,0,0,2,,,22(2),53.45423,-6.223713,24 x 7,,
,,"Swords Pavilions Shopping Centre, Malahide Rd,",,,,,,,,,,,,
RoI,Dublin,"Swords Demesne, Swords",0,0,0,10,,,22(10),53.453917,-6.221329,24 x 7,,
RoI,Dublin,"Tesco, Tesco, Airside (R125), Swords",0,0,0,2,,,22(2),53.445169,-6.21589,24 x 7,R125,
RoI,Galway,"Irish Rail, Church Street, Athenry",0,0,0,2,,,22(2),53.29953,-8.75104,24 x 7,,
,,"Loughrea Service Station (TOP), Athenry Road",,,,,,,,,,,,
RoI,Galway,"Loughrea, H62 NX74",4,0,0,100(4),,,,53.201772,-8.584795,24 x 7,,
RoI,Galway,"Irish Rail, Station Road, Ballinasloe",0,0,0,2,,,7(2),53.336624,-8.239191,24 x 7,,
RoI,Galway,"Off Society Street, Ballinasloe",0,0,0,2,,,22(2),53.330623,-8.225283,24 x 7,,
RoI,Galway,"Saint Michael's Square, Ballinasloe",1,1,0,1,50,50,22,53.329333,-8.220936,24 x 7,,
,,"Circle K Service Station (Dolan's), Athlone Road",,,,,,,,,,,,
RoI,Galway,"(R446), Ballinasloe",1,1,1,0,50,50,43,53.328467,-8.184483,24 x 7,,
,,"Tesco Ballinasloe, Dunlo Town Centre, Harbour",,,,,,,,,,,,
RoI,Galway,"Rd, Ballinasloe, Co. Galway, Ballinasloe",0,0,0,2,,,22(2),53.323323,-8.224896,24 x 7,,
RoI,Galway,"Station House Car Park, Clifden",2,0,0,100(2),,,,53.488862,-10.019564,24 x 7,,
,,"Monaghan & Sons, Tuam Road, , Galway, H91",,,,,,,,,,,,
RoI,Galway,N528,0,0,0,2,,,7(2),53.292256,-9.019465,24 x 7,,
,,"Circle K Service Station, Newcastle Road,",,,,,,,,,,,,
RoI,Galway,Galway,1,1,0,2,50,50,22(2),53.282203,-9.065258,24 x 7,,
RoI,Galway,"Menlo Park Hotel, Coolough Road, , Galway City",0,0,0,2,,,22(2),53.288142,-9.047838,24 x 7,,
RoI,Galway,"Galway Retail Park, Headford Road, Galway City",2,0,0,100(2),,,,53.2802,-9.0496,24 x 7,,
RoI,Galway,"Public Car Park, Dyke Road, Galway City",0,0,0,2,,,7(2),53.278213,-9.050699,24 x 7,,
RoI,Galway,"Woodquay, Galway City",0,0,0,2,,,22(2),53.276523,-9.052773,24 x 7,,
RoI,Galway,"Irish Rail, Station Road, Gort",0,0,0,2,,,22(2),53.066582,-8.814919,24 x 7,,
,,"The Galway Plaza, Junction 16, Carrowkeel,",,,,,,,,,,,,
RoI,Galway,"Kiltullagh, Co. Galway, Kiltullagh",2,2,1,"150, 5070, 50",,,43,53.26434,-8.606133,24 x 7,Junction 16,
RoI,Galway,"Public Car Park, Barrack Street, Loughrea",1,1,0,1,50,50,22,53.197768,-8.570838,24 x 7,,
,,"Glynn's Centra/Circle K Service Station,",,,,,,,,,,,,
,,Carnmore Cross (At Galway Airport Entrance on,,,,,,,,,,,,
RoI,Galway,"R339 off N18), Oranmore",2,2,0,"1150, 5070, 50",,,22,53.304365,-8.942545,24 x 7,,
,,"Irish Rail Station Car Park, Garraun, Coast Road",,,,,,,,,,,,
RoI,Galway,"(R338), Oranmore",0,0,0,2,,,22(2),53.275327,-8.947087,24 x 7,R338,
RoI,Galway,"Off Dunkellin Terrace, Portumna",0,0,0,2,,,22(2),53.092133,-8.221551,24 x 7,,
RoI,Galway,"Public Car Park, Vicar Street, Tuam",1,1,0,1,50,50,22,53.51418,-8.852424,24 x 7,,
,,"N17 Plaza (Spar & Supermacs), Galway road,",,,,,,,,,,,,
RoI,Galway,Tuam,4,4,0,200(4),70(4),,,53.5081,-8.87159,24 x 7,N17 N17,
RoI,Kerry,"Off O'Connell Street, Caherciveen",0,0,0,2,,,22(2),51.946705,-10.227204,24 x 7,,
,,"Walsh's Supervalu, Valentia Road, Garranebane,",,,,,,,,,,,,
RoI,Kerry,"Caherciveen, V23T440",3,3,0,"1200(2), 5070(2), 50",,,22,51.940294,-10.237755,24 x 7,,
,,"Station House Car Park, Off Killarney Road,",,,,,,,,,,,,
RoI,Kerry,Castleisland,0,0,0,2,,,22(2),52.230261,-9.465842,24 x 7,,
RoI,Kerry,"Marina Car Park, Off Strand Street, Dingle",2,0,0,100(2),,,,52.139518,-10.278791,24 x 7,,
RoI,Kerry,"Moran's Texaco (Spar), Mail Road, Dingle",3,3,0,"1150(2), 5070(2), 50",,,22,52.138297,-10.269771,24 x 7,,
RoI,Kerry,"Whytes Shop, Killarney Road, Kenmare",1,1,0,1,50,50,22,51.884003,-9.589492,24 x 7,,
,,"Tesco Killarney Park, Deerpark Cl,",,,,,,,,,,,,
RoI,Kerry,"Ardshanavooly, Killarney",0,0,0,2,,,22(2),52.063371,-9.49493,24 x 7,,
RoI,Kerry,"Daly's SuperValu, Killarney",4,4,0,200(4),70(4),,,52.059838,-9.481015,24 x 7,,
RoI,Kerry,"Glebe Public Car Park, Plunkett Street, Killarney",0,0,0,2,,,22(2),52.059533,-9.507251,24 x 7,,
,,"Randles Garage (Nissan), Muckross Road,",,,,,,,,,,,,
RoI,Kerry,Killarney,1,1,1,0,50,50,43,52.052998,-9.507077,24 x 7,,
RoI,Kerry,"Off Market Road, Killorglin",0,0,0,2,,,22(2),52.107344,-9.786073,24 x 7,,
,,"Public Car Park, Courthouse Lawn, Off Charles",,,,,,,,,,,,
RoI,Kerry,"Street, Listowel",0,0,0,2,,,22(2),52.449026,-9.48427,24 x 7,,
RoI,Kerry,"The Square, Listowel",0,0,0,2,,,22(2),52.444613,-9.485837,24 x 7,,
RoI,Kerry,"Sportsfield Road, Sneem",0,0,0,2,,,22(2),51.839336,-9.901316,24 x 7,,
RoI,Kerry,"Garvey's Car Park, Off Matt Talbot Road, Tralee",1,1,0,1,50,50,22,52.271,-9.71,24 x 7,,
,,"Irish Rail Train Station Car Park, John Joe Sheehy",,,,,,,,,,,,
RoI,Kerry,"Road, Tralee",0,0,0,2,22(2),52.270976,-9.699875,24 x 7,,,,
RoI,Kerry,"Public Car Park, Mary Street, Tralee",0,0,0,2,22(2),52.268,-9.7075,24 x 7,,,,
RoI,Kerry,"Brandon Car Park, Off Prince's Street, Tralee",0,0,0,2,22(2),52.2666,-9.70961,24 x 7,,,,
,,"Kelliher's Inver (Mace), Ratass, Tralee, Co. Kerry,",,,,,,,,,,,,
RoI,Kerry,"Tralee, V92 YWA0",3,3,0,"1150(2), 5070(2), 50",22,52.265904,-9.682922,24 x 7,,,,
,,,,,,,,,,Mon:10:00-17:00,,,,
,,,,,,,,,,Tue:10:00-17:00,,,,
,,,,,,,,,,Wed:10:00-17:00,,,,
,,,,,,,,,,Thu:10:00-17:00,,,,
,,,,,,,,,,Fri:10:00-17:00,,,,
,,,,,,,,,,Sat:10:00-17:00,,,,
RoI,Kerry,"Lee Valley Park, Ballyard, Tralee",0,0,0,2,22(2),52.260883,-9.714192,Sun:10:00-17:00,,,,
RoI,Kildare,"Irish Rail, Church Road, Athy",0,0,0,2,22(2),52.991951,-6.976647,24 x 7,,,,
RoI,Kildare,"The Square, Barrack Street, Ballymore Eustace",0,0,0,2,22(2),53.133579,-6.614196,24 x 7,,,,
RoI,Kildare,"Tesco Celbridge, Maynooth Rd, Celbridge",0,0,0,2,22(2),53.344094,-6.54479,24 x 7,,,,
RoI,Kildare,"Irish Rail, Hazelhatch Road, Celbridge",0,0,0,2,22(2),53.323004,-6.523586,24 x 7,,,,
RoI,Kildare,"Tesco Clane, Dublin Rd, Clane, Clane",0,0,0,2,22(2),53.295128,-6.682571,24 x 7,,,,
RoI,Kildare,"Tesco Superstore, Monasterevin Rd, Kildare",0,0,0,2,22(2),53.157013,-6.9173,24 x 7,,,,
RoI,Kildare,"Circle K M9 Kilcullen, Kilcullen M9, Kildare, R56",2,2,0,"1150, 5070, 50",22,53.08707,-6.755891,24 x 7,M9 M9,,,
,,"Irish Rail, Kildare Train Station, Station Road,",,,,,,,,,,,,
RoI,Kildare,Kildare Town,0,0,0,2,22(2),53.162374,-6.908265,24 x 7,,,,
,,"Irish Rail, Leixlip/Louisabridge Train Station,",,,,,,,,,,,,
RoI,Kildare,"Accommodation Road (L5056), Leixlip",0,0,0,2,22(2),53.369508,-6.507169,24 x 7,,,,
,,"Tesco Maynooth, Carton Park, Dublin Road,",,,,,,,,,,,,
RoI,Kildare,Maynooth,0,0,0,2,22(2),53.381508,-6.580913,24 x 7,,,,
,,"Tesco Maynooth, Carton Park, Dublin Rd,",,,,,,,,,,,,
RoI,Kildare,Maynooth,0,0,0,2,22(2),53.380865,-6.581169,24 x 7,,,,
,,"Irish Rail Station Cark Park, Canal Harbour,",,,,,,,,,,,,
RoI,Kildare,Monasterevin,0,0,0,2,22(2),53.145372,-7.06519,24 x 7,,,,
,,"Mayfield Services, M7 Junction 14 (R445),",,,,,,,,,,M7 M7,,
RoI,Kildare,"Monasterevin, W34 E789",8,3,0,200(8),70(3),,,53.145072,-7.01151,24 x 7,Junction 14,
RoI,Kildare,"Tesco, Monread Road, Naas",1,1,1,0,50,50,43,53.239404,-6.660165,24 x 7,,
,,"Tesco Naas Metro, Naas East, Naas, Co. Kildare,",,,,,,,,,,,,
RoI,Kildare,Naas,0,0,0,2,,,22(2),53.220686,-6.65798,24 x 7,,
RoI,Kildare,"Hedermans Car Park, Friary Road, Naas",0,0,0,2,,,22(2),53.218385,-6.658147,24 x 7,,
RoI,Kildare,"Fairgreen Street, Naas",0,0,0,2,,,22(2),53.214347,-6.665187,24 x 7,,
,,"Irish Rail, Newbridge Train Station, Station Road,",,,,,,,,,,,,
RoI,Kildare,Newbridge,0,0,0,2,,,22(2),53.185063,-6.808063,24 x 7,,
,,"Tesco Newbridge, Moorfield Road, Newbridge,",,,,,,,,,,,,
RoI,Kildare,"Co. Kildare, Newbridge",0,0,0,2,,,22(2),53.173483,-6.806047,24 x 7,,
,,"Irish Rail, Sallins and Naas Train Station (South",,,,,,,,,,,,
,,"Car Park), The Waterways (R407), Off R407,",,,,,,,,,,,,
RoI,Kildare,Sallins,0,0,0,2,,,22(2),53.246846,-6.66414,24 x 7,,
RoI,Kilkenny,"Off Chapel Lane, Callan",0,0,0,2,,,22(2),52.542453,-7.392293,24 x 7,,
,,"St. Canice's Council Car Park, Butt's Green,",,,,,,,,,,,,
RoI,Kilkenny,Kilkenny,2,0,0,100(2),,,,52.655331,-7.260136,24 x 7,,
RoI,Kilkenny,"Kilkenny Retail Park,Springhill, Kilkenny",3,1,1,"150(2), 50 50",,,43,52.63539,-7.244195,24 x 7,,
,,"John's Green Car park, Off Barrack Street,",,,,,,,,,,,,
RoI,Kilkenny,Kilkenny City,0,0,0,2,,,22(2),52.655593,-7.247032,24 x 7,,
RoI,Kilkenny,"Irish Rail, Dublin Road, Kilkenny City",0,0,0,2,,,22(2),52.654109,-7.244226,24 x 7,,
,,,,,,,,,,,,Mon:07:00-22:00,,
,,,,,,,,,,,,Tue:07:00-22:00,,
,,,,,,,,,,,,Wed:07:00-22:00,,
,,"County Hall Car Park, Off Maudlin Street,",,,,,,,,,,Thu:07:00-22:00,,
RoI,Kilkenny,Kilkenny City,0,0,0,2,,,22(2),52.652859,-7.248367,Fri:07:00-22:00,,
RoI,Kilkenny,"Fair Green Car Park, Off Gaol Road, Kilkenny City",0,0,0,2,,,22(2),52.650076,-7.257542,24 x 7,,
RoI,Kilkenny,"Inver Slieverue Junction, Rathpatrick, X91E6CY",4,4,0,200(4),70(4),,,52.28757,-7.061164,24 x 7,,
RoI,Kilkenny,"The Quay, Thomastown",0,0,0,2,,,22(2),52.526499,-7.135967,24 x 7,,
RoI,Kilkenny,"Texaco Service Station, Main Street, Urlingford",1,1,1,0,50,50,43,52.719319,-7.585956,24 x 7,,
RoI,Laois,"Temperance Street, Abbeyleix, A01",0,0,0,2,,,22(2),52.913019,-7.346601,24 x 7,,
,,"Circle K Service Station, M8 At Junction 3",,,,,,,,,,,M8 M8,
RoI,Laois,"(R433), Ballacolla",2,2,0,"1150, 5070, 50",,,22,52.866617,-7.480896,24 x 7,Junction 3,
RoI,Laois,"O'Moore Street, Mountmellick",0,0,0,2,,,22(2),53.118234,-7.333091,24 x 7,,
,,"Public Car Park, Off Link Road (R420),",,,,,,,,,,,,
RoI,Laois,Portarlington,1,1,0,1,50,50,22,53.160461,-7.187451,24 x 7,R420,
,,"Irish Rail Train Station Car Park, Station Road, ,",,,,,,,,,,,,
RoI,Laois,Portarlington,0,0,0,2,,,22(2),53.146359,-7.181829,24 x 7,,
RoI,Laois,"Irish Rail, Station Road, Portlaoise",0,0,0,2,,,22(2),53.036631,-7.301402,24 x 7,,
RoI,Laois,"Lyster Square, Portlaoise",0,0,0,2,,,22(2),53.032991,-7.298964,24 x 7,,
,,Car Park beside ESB,"Offices, Abbeyleix Road,",,,,,,,,,,,
RoI,Laois,Portlaoise,1,1,1,0,50,50,43,53.030737,-7.301713,24 x 7,,
RoI,Laois,"Portlaoise Plaza, Exit 17, M7, Portlaoise",1,1,0,0,150,70,,53.014096,-7.308305,24 x 7,M7 M7,
RoI,Leitrim,"St. Georges Terrace, Carrick-on-Shannon",0,0,0,2,,,22(2),53.943937,-8.098735,24 x 7,,
RoI,Leitrim,"Glebe Street, Mohill",0,0,0,2,,,22(2),53.922426,-7.866286,24 x 7,,
,,"Tesco Abbeyfeale,Colbert Terrace, Abbeyfeale",,,,,,,,,,,,
,,"West,, Tesco Abbeyfeale,Colbert Terrace,",,,,,,,,,,,,
,,"Abbeyfeale West, Abbeyfeale, Co. Limerick,",,,,,,,,,,,,
RoI,Limerick,Abbeyfeale,0,0,0,2,,,22(2),52.387722,-9.298849,24 x 7,,
RoI,Limerick,"Off Grove Crescent, Abbeyfeale",0,0,0,2,,,22(2),52.384589,-9.298733,24 x 7,,
RoI,Limerick,"Heritage Centre Parking, Main Street, Adare",0,0,0,2,,,22(2),52.565132,-8.790471,24 x 7,,
,,Foundation Car Park At,"University Concert Hall,",,,,,,,,,,,
RoI,Limerick,"(R445/L1118), University of Limerick, Castletroy",0,0,0,2,,,22(2),52.675091,-8.5739,24 x 7,,
RoI,Limerick,"Reidy's Circle K, Main Street, Foynes",0,0,0,2,,,22(2),52.607471,-9.099685,24 x 7,,
,,"Circle K Service Station, Sexton Street North,",,,,,,,,,,,,
RoI,Limerick,"Thomondgate, Limerick City",1,1,1,0,50,50,43,52.6716,-8.63531,24 x 7,,
RoI,Limerick,"Merchant's Quay, Limerick City",0,0,0,2,,,22(2),52.667322,-8.623874,24 x 7,,
RoI,Limerick,"Bedford Row, Limerick City",0,0,0,2,,,22(2),52.663928,-8.629209,24 x 7,,
RoI,Limerick,"Milk Market, Mungret Court, Limerick City",0,0,0,2,,,22(2),52.6638,-8.6216,24 x 7,,
RoI,Limerick,"Bishop's Quay, Limerick City",0,0,0,2,,,22(2),52.661893,-8.632049,24 x 7,,
RoI,Limerick,"Pery Street, Limerick City",0,0,0,2,,,22(2),52.6597,-8.6276,24 x 7,,
RoI,Limerick,"Pery Square, Limerick City",1,1,0,1,50,50,22,52.6582,-8.6294,24 x 7,,
,,"Circle K Service Station, Ballysimon Road (R527),",,,,,,,,,,,,
RoI,Limerick,"Limerick City, V94 V1KF",3,3,0,"1150(2), 5070(2), 50",,,22,52.652717,-8.593319,24 x 7,,
,,"Tesco Newcastle West, Limerick Rd,",,,,,,,,,,,,
,,"Rathnaneane, Newcastle West, Co. Limerick,",,,,,,,,,,,,
RoI,Limerick,Newcastle West,0,0,0,2,,,22(2),52.449916,-9.046759,24 x 7,,
RoI,Limerick,"Church Street, Newcastlewest",0,0,0,2,,,22(2),52.452409,-9.061489,24 x 7,,
,,"Garvey's Centra Service Station, St.Marys Road,",,,,,,,,,,,,
RoI,Limerick,Newcastlewest,1,1,1,0,50,50,43,52.44862,-9.053228,24 x 7,,
RoI,Longford,"Main Street, Ballymahon",1,1,0,1,50,50,22,53.562243,-7.763038,24 x 7,,
,,"Irish Rail Train Station, Station Road,",,,,,,,,,,,,
RoI,Longford,Edgeworthstown,0,0,0,2,,,7(2),53.689312,-7.604182,24 x 7,,
RoI,Longford,"Church Street, Longford",0,0,0,2,,,22(2),53.73057,-7.8016,24 x 7,,
RoI,Longford,"Market Square, Longford",0,0,0,2,,,22(2),53.725111,-7.800276,24 x 7,,
,,"Camlin Centra Texaco Service Station, Dublin",,,,,,,,,,,,
RoI,Longford,"Road, Longford",1,1,1,0,50,50,43,53.724529,-7.78376,24 x 7,,
,,"Irish Rail Car Park, Off Earl Street, Longford",,,,,,,,,,,,
RoI,Longford,Town,0,0,0,2,,,22(2),53.723916,-7.795273,24 x 7,,
RoI,Louth,"Irish Street, Ardee",0,0,0,2,,,22(2),53.860912,-6.542098,24 x 7,,
,,"Village Centre Car Park, Main Street (R172),",,,,,,,,,,,,
RoI,Louth,Blackrock,0,0,0,2,,,22(2),53.963924,-6.364996,24 x 7,R172,
,,"Tourist Office Car Park, Market Street/R173,",,,,,,,,,,,,
RoI,Louth,Carlingford,0,0,0,2,,,22(2),54.040456,-6.185322,24 x 7,R173,
RoI,Louth,"Public Car Park, Trinity Street, Drogheda",0,0,0,2,,,22(2),53.717924,-6.363419,24 x 7,,
,,"Bolton Square Public Car Park, Bolton Street,",,,,,,,,,,,,
RoI,Louth,Drogheda,1,1,0,1,50,50,22,53.71713,-6.354049,24 x 7,,
RoI,Louth,"Irish Rail, Dublin Road, Drogheda",0,0,0,2,,,22(2),53.7119,-6.3366,24 x 7,,
RoI,Louth,"Bus Station Car Park, Donore Road, Drogheda",0,0,0,2,,,22(2),53.710949,-6.355072,24 x 7,,
,,"Tesco Extra Drogheda, Donore Rd, Matthews Ln",,,,,,,,,,,,
RoI,Louth,"S, Lagavooren, Drogheda, Co. Louth, Drogheda",0,0,0,2,,,22(2),53.702342,-6.374282,24 x 7,,
RoI,Louth,"Linenhall Street, Dundalk",0,0,0,2,,,22(2),54.010244,-6.402563,24 x 7,,
,,"Long Walk Shopping Centre, The Long Walk,",,,,,,,,,,,,
RoI,Louth,Dundalk,0,0,0,2,,,22(2),54.006182,-6.404217,24 x 7,,
,,"Louth County Council, Saint Alphonsus Road,",,,,,,,,,,,,
RoI,Louth,Dundalk,0,0,0,2,,,22(2),54.003855,-6.387454,24 x 7,,
RoI,Louth,"Public Car Park, Rampart Lane, Dundalk",1,1,0,1,50,50,22,54.003329,-6.397354,24 x 7,,
RoI,Louth,"Irish Rail, Carrickmacross Road, Dundalk",0,0,0,2,,,22(2),54.000122,-6.412418,24 x 7,,
,,"Tesco Dundalk, Dundalk Shopping Centre,",,,,,,,,,,,,
RoI,Louth,"Stapleton Dr, Dundalk, Co. Louth, Dundalk",0,0,0,2,,,22(2),53.998507,-6.405068,24 x 7,,
,,"Circle K Oriel Service Station Dublin Road,",,,,,,,,,,,,
RoI,Louth,"Dundalk, A91 YN3F",3,3,0,"1150(2), 5070(2), 50",,,22,53.988355,-6.398533,24 x 7,,
RoI,Mayo,"Public Car Park, Humbert Street, Ballina",0,0,0,2,,,7(2),54.116236,-9.153369,24 x 7,,
,,"Tesco Ballina, Market Square, Abbeyhalfquarter,",,,,,,,,,,,,
RoI,Mayo,"Ballina, Co. Mayo, Ballina",0,0,0,2,,,22(2),54.11577,-9.154544,24 x 7,,
RoI,Mayo,"Moy Court, Off Bachelor's Walk, Ballina",1,1,0,1,50,50,22,54.115759,-9.149274,24 x 7,,
,,"McHugh's Texaco Service Station, Galway Road,",,,,,,,,,,,,
RoI,Mayo,Ballindine,1,1,1,0,50,50,43,53.667639,-8.955524,24 x 7,,
RoI,Mayo,"Tesco Superstore, Claremorris Road, Ballinrobe",0,0,0,2,,,22(2),53.627286,-9.217092,24 x 7,,
RoI,Mayo,"SuperValu Car Park, Church Lane, Ballinrobe",0,0,0,2,,,22(2),53.622633,-9.221264,24 x 7,,
,,"Swimming Pool Car Park, Clare Street,",,,,,,,,,,,,
RoI,Mayo,Ballyhaunis,0,0,0,2,,,22(2),53.762046,-8.765583,24 x 7,,
RoI,Mayo,"Car Park, Off Church Street, Belmullet",0,0,0,2,,,22(2),54.222996,-9.989089,24 x 7,,
RoI,Mayo,"Public Car Park, Market Street, Castlebar",0,0,0,2,,,22(2),53.8569,-9.3007,24 x 7,,
RoI,Mayo,"Casey's Centra Circle K, Lannagh Road, Castlebar",1,1,1,0,50,50,43,53.854221,-9.305581,24 x 7,,
RoI,Mayo,"The Mall, Castlebar",0,0,0,2,,,22(2),53.8534,-9.2985,24 x 7,,
,,Charlestown Service Station (Supermac's),,,,,,,,,,,,
RoI,Mayo,"Ballyhaunis Road, Charlestown",4,4,0,200(4),70(4),,,53.959834,-8.795772,24 x 7,,
,,"Leisure Centre Car Park, Dalton Street,",,,,,,,,,,,,
RoI,Mayo,Claremorris,2,0,0,100(2),,,,53.722118,-8.996996,24 x 7,,
,,"Tesco, Kiltimagh Road (via Chapel Street),",,,,,,,,,,,,
RoI,Mayo,Swinford,0,0,0,2,,,22(2),53.9386,-8.9525,24 x 7,,
RoI,Mayo,"Castlebar Street, Westport",0,0,0,2,,,22(2),53.8007,-9.5199,24 x 7,,
,,"Leisure Centre Car Park, Off James Street,",,,,,,,,,,,,
RoI,Mayo,Westport,2,0,0,100(2),,,,53.8005,-9.5241,24 x 7,,
RoI,Meath,"Circle K, Ratoath Road, Ashbourne, A01",1,1,1,0,50,50,43,53.495491,-6.395969,24 x 7,,
,,"Tesco Bettystown, Narrow Ways, Eastham Rd,",,,,,,,,,,,,
RoI,Meath,"Meath, Ireland, Bettystown",0,0,0,2,,,22(2),53.696999,-6.247419,24 x 7,,
,,"Irish Rail, Dunboyne Train Station, Station Road",,,,,,,,,,,,
RoI,Meath,"(L2228), Dunboyne",0,0,0,2,,,22(2),53.41658,-6.46339,24 x 7,L2228,
,,"Irish Rail Train Station Car Park, Off Main Street,",,,,,,,,,,,,
RoI,Meath,Enfield,0,0,0,2,,,22(2),53.415451,-6.834811,24 x 7,,
,,"Relish xpress, M1 Junction 7 (R132), Mosney",,,,,,,,,,,M1 M1,
RoI,Meath,"Cross (R132), Julianstown, A92HW86",0,0,0,2,,,22(2),53.6584,-6.2636,24 x 7,Junction 7,
,,"Park Ri Service Station, Cavan Road, Townparks,",,,,,,,,,,,,
RoI,Meath,"Kells, A82E7F3",2,2,1,"150, 5070, 50",,,43,53.730936,-6.888643,24 x 7,,
RoI,Meath,"Off Circular Road, Kells",1,1,0,1,50,50,22,53.728958,-6.88217,24 x 7,,
RoI,Meath,"Bective Street, Kells",0,0,0,2,,,22(2),53.722954,-6.881176,24 x 7,,
RoI,Meath,"Alverno Terrace, Laytown",0,0,0,2,,,22(2),53.678649,-6.23974,24 x 7,,
,,"Public Car Park, Kells Road (N51), Off Inner",,,,,,,,,,,,
RoI,Meath,"Relief Road, Navan",0,0,0,2,,,22(2),53.655729,-6.687417,24 x 7,N51 N51,
RoI,Meath,"Public Car Park, Abbey Road, Navan",0,0,0,2,,,22(2),53.654434,-6.683919,24 x 7,,
RoI,Meath,"Public Car Park, Fair Green, Navan",0,0,0,2,,,22(2),53.651566,-6.684154,24 x 7,,
,,"Maxol Riverside Service Station, Dublin Road",,,,,,,,,,,,
RoI,Meath,"(R147), Navan",1,1,1,0,50,50,43,53.6477,-6.67673,24 x 7,R147,
,,"Irish Rail, M3 Parkway Station, M3 Junction 5",,,,,,,,,,,M3 M3,
RoI,Meath,"(R157/R147), Near Dunboyne",0,0,0,2,,,7(2),53.43385,-6.47119,24 x 7,Junction 5,
,,"Conway's Spar Maxol, Fairyhouse Road,",,,,,,,,,,,,
RoI,Meath,"Ratoath, A85 FF20",3,3,0,"1150(2), 5070(2), 50",,,22,53.500449,-6.46761,24 x 7,,
RoI,Meath,"Off Haggard Street, Trim",1,1,0,1,50,50,22,53.558067,-6.789353,24 x 7,,
,,"Public Car Parking, Finnegan's Way, Off Castle",,,,,,,,,,,,
RoI,Meath,"Street, Trim",0,0,0,2,,,22(2),53.553891,-6.791855,24 x 7,,
RoI,Meath,"Gillens Circle K (Londis), Dublin Rd, Trim",3,3,0,"1150(2), 5070(2), 50",,,22,53.552937,-6.761371,24 x 7,,
RoI,"MonaghanMarket Street, Carrickmacross",,1,1,0,1,50,50,22,53.978095,-6.719502,24 x 7,,
RoI,"MonaghanLouis Convent, Castle Street, Carrickmacross",,0,0,0,2,,,22(2),53.973836,-6.718495,24 x 7,,
RoI,"MonaghanOff Thomas Street, Castleblaney",,0,0,0,2,,,22(2),54.118976,-6.734236,24 x 7,,
,,"Town Centre Car Park, Off Fermanagh Street,",,,,,,,,,,,,
RoI,Monaghan,Clones,0,0,0,2,,,22(2),54.180374,-7.232457,24 x 7,,
RoI,"MonaghanOld Cross Square, Monaghan",,0,0,0,2,,,22(2),54.246923,-6.964533,24 x 7,,
,,"Circle K Service Station, Emyvale Road (N2),",,,,,,,,,,,,
RoI,Monaghan,"Coolshannagh, Monaghan Town",3,3,0,"1150(2), 5070(2), 50",,,22,54.2636,-6.9592,24 x 7,N2 N2,
RoI,Offaly,"West End, Banagher",0,0,0,2,,,22(2),53.192077,-7.990944,24 x 7,,
RoI,Offaly,"Marian Hall Car Park, Off William Street, Birr",1,1,0,1,50,50,22,53.09578,-7.913652,24 x 7,,
,,"Tesco Birr,Railway Rd, Drumbane,, Drumbane,",,,,,,,,,,,,
RoI,Offaly,"Birr, R42 YX23",0,0,0,2,,,22(2),53.090139,-7.909776,24 x 7,,
RoI,Offaly,"Irish Rail Clara Train Station, Railway View, Clara",0,0,0,2,,,22(2),53.340138,-7.616688,24 x 7,,
,,"Tesco Edenderry, Clonmullen Industrial Estate,",,,,,,,,,,,,
RoI,Offaly,"Dublin Rd, Edenderry, Co. Offaly, Edenderry",0,0,0,2,,,22(2),53.345847,-7.044619,24 x 7,,
RoI,Offaly,"O'Connell Square, Edenderry",0,0,0,2,,,22(2),53.343358,-7.048445,24 x 7,,
RoI,Offaly,"Market Square, Tullamore",0,0,0,2,,,22(2),53.275635,-7.490152,24 x 7,,
RoI,Offaly,"Tanyard Lane, Tullamore",1,1,0,1,50,50,22,53.273339,-7.490183,24 x 7,,
,,"Irish Rail, Western Relief Road (R443) Kilcruttin,",,,,,,,,,,,,
RoI,Offaly,Tullamore,0,0,0,2,,,22(2),53.270244,-7.499381,24 x 7,R443,
RoI,"RoscommonCasey's Londis, Athlone Road",,3,1,0,"1150(2), 50 50",,,22,53.629225,-8.185662,24 x 7,,
,,,,,,,,,,,,Mon:08:00-21:00,,
,,,,,,,,,,,,Tue:08:00-21:00,,
,,,,,,,,,,,,Wed:08:00-21:00,,
,,,,,,,,,,,,Thu:08:00-21:00,,
,,,,,,,,,,,,Fri:08:00-21:00,,
,,"Duffy's Supervalu, Off Main Stree/Market Street",,,,,,,,,,Sat:08:00-21:00,,
RoI,Roscommon,"(R293/L1244), Ballaghadereen",1,1,1,0,50,50,43,53.902067,-8.584513,Sun:08:00-19:00,,
RoI,"RoscommonNew Street (R293), Ballaghadreen",,0,0,0,2,,,22(2),53.900165,-8.583955,24 x 7,R293,
,,"Brogans Lane ( Athlone Road ) Roscommon,",,,,,,,,,,,,
RoI,Roscommon,Ballypheasan,1,1,0,1,50,50,22,53.62904,-8.18817,24 x 7,,
RoI,"RoscommonMilitary Road, Boyle",,0,0,0,2,,,22(2),53.97367,-8.300383,24 x 7,,
RoI,"RoscommonCarrick Road, Boyle",,0,0,0,2,,,22(2),53.971854,-8.30158,24 x 7,,
,,"Lunney’s Service Station, Sligo Road, Carrick-on-",,,,,,,,,,,,
RoI,Roscommon,Shannon,2,2,0,"1150, 5070, 50",,,,22,53.941292,-8.10011,24 x 7,
RoI,"RoscommonMain Street, Castlerea",,0,0,0,2,,,,22(2),53.768179,-8.49094,24 x 7,
RoI,"RoscommonBarrack Street, Castlerea",,0,0,0,2,,,,22(2),53.766167,-8.483368,24 x 7,
RoI,"RoscommonCastle Street, Roscommon",,0,0,0,2,,,,22(2),53.633026,-8.189538,24 x 7,
,,"Town Centre Car Park, Off Main Street,",,,,,,,,,,,,
RoI,Roscommon,Roscommon Town,0,0,0,2,,,,22(2),53.630837,-8.188693,24 x 7,
,,"Irish Rail Collooney Station, Coolaney Road",,,,,,,,,,,,
RoI,Sligo,"(L2101), Collooney",0,0,0,2,,,,7(2),54.186644,-8.494964,24 x 7,L2101
,,"Yeats Tavern & Davis' Restaurant, Sligo-",,,,,,,,,,,,
RoI,Sligo,"Bundoran Road (N15), Drumcliffe",0,0,0,2,,,,22(2),54.328887,-8.501889,24 x 7,N15 N15
,,,,,,,,,,,,,Mon:07:00-23:00,
,,,,,,,,,,,,,Tue:07:00-23:00,
,,,,,,,,,,,,,Wed:07:00-23:00,
,,,,,,,,,,,,,Thu:07:00-23:00,
,,,,,,,,,,,,,Fri:07:00-23:00,
,,"Circle K ( Londis ) Service Station, Sligo Road,",,,,,,,,,,,Sat:07:00-23:00,
RoI,Sligo,"Grange, Sligo, Grange",1,1,1,2,50,50,43,22(2),54.389519,-8.528397,Sun:07:00-23:00,
,,"Train Station, Lord Edward Street, Sligo, F91",,,,,,,,,,,,
RoI,Sligo,K752,0,0,0,2,,,,22(2),54.27203,-8.4825,24 x 7,
RoI,Sligo,"9-12 Union Place, Sligo Town",1,1,0,1,50,50,,22,54.273682,-8.480708,24 x 7,
RoI,Sligo,"Riverside, Sligo Town",0,0,0,2,,,,22(2),54.271302,-8.465001,24 x 7,
RoI,Sligo,"Wolfe Tone Square, Tubbercurry",0,0,0,2,,,,22(2),54.054302,-8.729412,24 x 7,
RoI,"TipperaryTipperary Town Plaza,Limerick Road, Bohercrow",,4,4,0,200(4),70(4),,,,52.479268,-8.175797,24 x 7,
,,"Courthouse Car Park, Saint Nicholas Park,",,,,,,,,,,,,
RoI,TipperaryCarrick-on-Suir,,0,0,0,2,,,,22(2),52.348698,-7.409999,24 x 7,
,,Strand Car Park (access via Castle Lane/Oven,,,,,,,,,,,,
RoI,"TipperaryLane), Carrick-on-Suir",,0,0,0,2,,,,22(2),52.345534,-7.41366,24 x 7,
,,"Circle K Service Station, M8 Junction 8 (R692),",,,,,,,,,,,M8 M8,
RoI,"TipperaryWallers Lot, Cashel",,1,1,0,1,50,50,,22,52.509038,-7.872552,24 x 7,Junction 8
RoI,"TipperarySupervalu Car Park, Off Kickham Street, Clonmel",,0,0,0,2,,22(2),,52.355664,-7.700573,24 x 7,,
,,"Public Car Park, Off Mary Street/Gladstone",,,,,,,,,,,,
RoI,"TipperaryStreet, Clonmel",,0,0,0,2,,22(2),,52.353337,-7.703744,24 x 7,,
,,"Gordon Place Car Park, Wolfe Tone Street,",,,,,,,,,,,,
RoI,TipperaryClonmel,,1,1,0,1,50,50,22,52.353099,-7.7068,24 x 7,,
,,"Obama Plaza, M7 Junction 23 (Circle K Service",,,,,,,,,,M7 M7,,
RoI,"TipperaryStation), Tipperary, Moneygall",,8,8,0,200(8),70(8),,,52.883989,-7.944274,24 x 7,Junction 23,
RoI,"TipperaryTesco Tipperary, Limerick Rd, Murgasty",,0,0,0,2,,22(2),,52.475721,-8.172649,24 x 7,,
,,"Tesco Superstore, Borrisokane Road, Nenagh",,,,,,,,,,,,
RoI,"TipperaryNorth, Nenagh",,0,0,0,2,,22(2),,52.870581,-8.197698,24 x 7,,
RoI,"TipperaryAbbey Court Hotel, Dublin Road, Nenagh",,1,1,1,0,50,50,43,52.864558,-8.189447,24 x 7,,
,,"Circle K Daybreak Service Station, Limerick",,,,,,,,,,,,
RoI,"TipperaryRoad, Nenagh",,0,0,0,2,,22(2),,52.861526,-8.212924,24 x 7,,
RoI,"TipperarySupervalu Car Park, Off Green Street, Roscrea",,0,0,0,2,,22(2),,52.956953,-7.801199,24 x 7,,
,,"Circle K Carrig Service Station, Carrig Road,",,,,,,,,,,,,
RoI,TipperaryRoscrea,,1,1,1,0,50,50,43,52.946645,-7.796595,24 x 7,,
RoI,"TipperaryIrish Rail, Butler Avenue, Thurles",,0,0,0,2,,22(2),,52.675998,-7.821686,24 x 7,,
RoI,"TipperaryTown Car Park, Abbey Street, , Tipperary Town",,0,0,0,2,,,7(2),52.473217,-8.160363,24 x 7,,
,,"Irish Rail Plunkett Station, Dock Road,",,,,,,,,,,,,
RoI,Waterford,Abbeylands,0,0,0,2,,22(2),,52.26604,-7.116893,24 x 7,,
RoI,"WaterfordDavitts Quay, Dungarvan",,0,0,0,2,,22(2),,52.09105,-7.619949,24 x 7,,
,,"St. Augustines Car Park, St. Augustine Street,",,,,,,,,,,,,
RoI,Waterford,Dungarvan,1,1,0,1,50,50,22,52.088374,-7.620327,24 x 7,,
RoI,"WaterfordDock Road, Dunmore East",,0,0,0,2,,22(2),,52.152969,-6.994926,24 x 7,,
RoI,"WaterfordLower Branch Road, Tramore",,0,0,0,2,,22(2),,52.164062,-7.147005,24 x 7,,
,,"Tramore Retail Park (Tesco), Summerhill Rise,",,,,,,,,,,,,
RoI,Waterford,Tramore,0,0,0,2,,22(2),,52.163684,-7.15972,24 x 7,,
RoI,"WaterfordThe Promenade, Tramore",,0,0,0,2,,22(2),,52.159399,-7.14197,24 x 7,,
,,"Miller's Marsh Car Park, Off Poleberry Link",,,,,,,,,,,,
RoI,Waterford,"Road/Johnstown, Waterford",0,0,0,2,,22(2),,52.255957,-7.111051,24 x 7,,
,,"Tesco Poleberry, Bath St, Poleberry Link Rd,",,,,,,,,,,,,
RoI,Waterford,"Waterford, Waterford",0,0,0,2,,,,22(2),52.25426,-7.111383,24 x 7,
,,"Waterford Institute of Technology, Cork Road,",,,,,,,,,,,,
RoI,Waterford,Waterford,0,0,0,2,,,,22(2),52.246699,-7.136054,24 x 7,
,,"Tesco Ballybeg, Ballybeg Dr, Ballybeg,",,,,,,,,,,,,
RoI,Waterford,"Waterford, Waterford",0,0,0,2,,,,22(2),52.23685,-7.138973,24 x 7,
RoI,"WaterfordBallybricken Green, Ballybricken, Waterford City",,1,1,0,0,100,50,,,52.259815,-7.117449,24 x 7,
RoI,"WaterfordParnell Street, Waterford City",,0,0,0,2,,,,22(2),52.258851,-7.108709,24 x 7,
RoI,"WaterfordPublic Car Park, Bolton Street, Waterford City",,2,0,0,100(2),,,,,52.258789,-7.105626,24 x 7,
,,"Irish Rail Train Station, Southern Station Road,",,,,,,,,,,,,
RoI,Westmeath,Athlone,0,0,0,2,,,,7(2),53.427551,-7.938416,24 x 7,
RoI,"WestmeathBallymahon Road, Athlone",,1,1,0,1,50,50,,22,53.424683,-7.934554,24 x 7,
RoI,"WestmeathCastle Street, Athlone",,0,0,0,2,,,,22(2),53.422802,-7.942743,24 x 7,
,,"Circle K Service Station, Castlemaine Street",,,,,,,,,,,,
RoI,Westmeath,"(Dublin Road), Athlone",1,1,1,2,50,50,43,22(2),53.420872,-7.926661,24 x 7,
,,"Kilmartin N6 Service Station, Dublin road,",,,,,,,,,,,,
RoI,Westmeath,Athlone,2,2,0,"1150, 5070, 50",,,,22,53.410591,-7.893679,24 x 7,N6 N6
RoI,"WestmeathTexaco (Mace & Supermacs), N4, Ballinalack",,2,2,0,"1150, 5070, 50",,,,22,53.62617,-7.46709,24 x 7,N4 N4
RoI,"WestmeathThe Square, Kilbeggan",,0,0,0,2,,,,22(2),53.367976,-7.498115,24 x 7,
,,"Circle K Service Station, M6 Junction 5",,,,,,,,,,,M6 M6,
RoI,Westmeath,"(R389/N52), Tullamore Road, Kilbeggan",1,1,1,0,50,50,43,,53.362824,-7.496517,24 x 7,Junction 5
RoI,"WestmeathKinnegad Plaza, Kinnegad",,8,8,0,200(8),70(8),,,,53.452479,-7.106487,24 x 7,
RoI,"WestmeathMain Street, Moate",,0,0,0,2,,,,22(2),53.394993,-7.719377,24 x 7,
,,"Tesco Mullingar, Ashe Rd, Commons, Mullingar,",,,,,,,,,,,,
RoI,Westmeath,"Co. Westmeath, Mullingar",0,0,0,2,,,,22(2),53.52823,-7.352098,24 x 7,
RoI,"WestmeathMcCurtain Street Car Park, Mullingar",,0,0,0,2,,,,22(2),53.527025,-7.336114,24 x 7,
RoI,"WestmeathBlackhall Car Park, Off Mount Street, Mullingar",,1,1,0,1,50,50,,22,53.523766,-7.342081,24 x 7,
,,"Irish Rail Train Station, Clonmore Road,",,,,,,,,,,,,
RoI,Westmeath,Mullingar,0,0,0,2,,,,22(2),53.522866,-7.34717,24 x 7,
,,"Circle K Service station, Centra O'Briens, Lynn",,,,,,,,,,,,
RoI,Westmeath,"Road, Mullingar",2,2,0,"1150, 5070, 50",,,,22,53.51467,-7.342111,24 x 7,
RoI,Wexford,"Market Square, Bunclody",,0,0,0,2,,22(2),52.6555,-6.6516,24 x 7,,
,,"Public Car Park, Flanagan's Wharf (Off Main",,,,,,,,,,,,
RoI,Wexford,"Street) (R472), Courtown Harbour",,0,0,0,2,,22(2),52.644754,-6.227539,24 x 7,,
RoI,Wexford,"Circle K Service Station, Rosslare Road, Drinagh",,1,1,0,1,50,50,22,52.300278,-6.45881,24 x 7,
RoI,Wexford,"Public Car Park, Island Road, Enniscorthy",,0,0,0,2,,22(2),52.505551,-6.569767,24 x 7,,
RoI,Wexford,Public,"Car Park, Duffry Gate, Enniscorthy",0,0,0,2,,22(2),52.50341,-6.57359,24 x 7,,
,,"Garda Station Car Park, Off Lymington Road,",,,,,,,,,,,,
RoI,Wexford,Enniscorthy,,1,1,0,1,50,50,22,52.501053,-6.570085,24 x 7,
RoI,Wexford,"Gorey Services Station, M11, Gorey",,1,1,1,0,50,50,43,52.750751,-6.202196,24 x 7,M11 M11
RoI,Wexford,"Maxol Service Station, Arklow Road, Gorey",,1,1,0,1,50,50,22,52.67807,-6.289287,24 x 7,
RoI,Wexford,"Civic Centre Car Park, The Avenue, Gorey",,0,0,0,2,,22(2),52.67315,-6.29569,24 x 7,,
,,"Tesco Gorey, Ramstown, Gorey, Co. Wexford,",,,,,,,,,,,,
RoI,Wexford,Gorey,,0,0,0,2,,22(2),52.672307,-6.299581,24 x 7,,
RoI,Wexford,"Irish Rail, Railway Road, Gorey",,0,0,0,2,,22(2),52.671783,-6.292575,24 x 7,,
,,"Amber/Centra Service Station, Rosslare Road,",,,,,,,,,,,,
RoI,Wexford,Killinick,,1,1,1,0,50,50,43,52.25783,-6.456163,24 x 7,
RoI,Wexford,"Barrack Lane, New Ross",,1,1,0,1,50,50,22,52.395284,-6.943578,24 x 7,
RoI,Wexford,"Public Car Park, Off South Street, New Ross",,0,0,0,2,,22(2),52.3928,-6.9452,24 x 7,,
,,"Tesco New Ross, Bosheen St, Portersland, New",,,,,,,,,,,,
RoI,Wexford,Ross,,0,0,0,2,,22(2),52.391141,-6.928163,24 x 7,,
RoI,Wexford,"Abbey Street, Wexford",,0,0,0,2,,22(2),52.340105,-6.463952,24 x 7,,
RoI,Wexford,"Tesco Wexford, Whitewell, Wexford, Wexford",,0,0,0,2,,22(2),52.332114,-6.461069,24 x 7,,
,,"Public Car Park, Off Wellington Place/Redmond",,,,,,,,,,,,
RoI,Wexford,"Place, Wexford Town",,0,0,0,2,,22(2),52.342373,-6.464083,24 x 7,,
,,"Donovan's Wharf Car Park, Harper's Lane,",,,,,,,,,,,,
RoI,Wexford,"Crescent Quay, Wexford Town",,0,0,0,2,,22(2),52.337957,-6.460155,24 x 7,,
RoI,Wexford,"High Street, Wexford Town",,0,0,0,2,,22(2),52.337426,-6.46209,24 x 7,,
RoI,Wicklow,"Riverwalk, Via Upper Main Street, Arklow",,0,0,0,2,,22(2),52.79884,-6.153186,24 x 7,,
,,"Laffins Lane Car Park, Via Lower Main Street or",,,,,,,,,,,,
RoI,Wicklow,"Castle Park, Arklow",,1,1,0,1,50,50,22,52.796732,-6.154016,24 x 7,
,,"Tesco Arklow, Arklow Square, Wexford Rd,",,,,,,,,,,,,
RoI,Wicklow,Arklow,0,0,0,2,,,22(2),52.795185,-6.160669,24 x 7,,
RoI,Wicklow,"Irish Rail, Mary Street, Arklow",0,0,0,2,,,22(2),52.794954,-6.159181,24 x 7,,
RoI,Wicklow,"GAA Car Park, Main Street, Ashford",0,0,0,2,,,22(2),53.011805,-6.108066,24 x 7,,
RoI,Wicklow,"Quinsborough Road, Bray",0,0,0,2,,,22(2),53.204956,-6.103734,24 x 7,,
RoI,Wicklow,"Strand Road, Opp. Sea Life Aquarium, Bray",1,1,0,1,50,50,22,53.203434,-6.098695,24 x 7,,
RoI,Wicklow,"Novara Road, Bray",0,0,0,2,,,22(2),53.202217,-6.107886,24 x 7,,
RoI,Wicklow,"Strand Road, Bray",0,0,0,2,,,22(2),53.198448,-6.09546,24 x 7,,
RoI,Wicklow,"Tesco, Vevay Road, Bray",1,1,1,0,50,50,43,53.19518,-6.108436,24 x 7,,
,,"Tesco Greystones, Kilcoole Rd, Rathdown",,,,,,,,,,,,
RoI,Wicklow,"Lower, Greystones, Greystones",0,0,0,2,,,22(2),53.144827,-6.075772,24 x 7,,
RoI,Wicklow,"Irish Rail Wicklow Train Station, Wicklow",0,0,0,2,,,7(2),52.987948,-6.051879,24 x 7,,
RoI,Wicklow,"Bachelor's Walk, Wicklow",0,0,0,2,,,22(2),52.981676,-6.042404,24 x 7,,
RoI,Wicklow,"Tesco, Glebe Road, Wicklow Town",1,1,1,0,50,50,43,52.983325,-6.051079,24 x 7,,
RoI,Wicklow,"Church Street, Wicklow Town",0,0,0,2,,,22(2),52.981196,-6.044072,24 x 7,,
,,"Public Car Park, Convent Road Kilmantin Hill,",,,,,,,,,,,,
RoI,Wicklow,Wicklow Town,0,0,0,2,,,22(2),52.978236,-6.038787,24 x 7,,
,,"Stormont Hotel, Upper Newtownards Road,",,,,,,,,,,,,
NI,,"Belfast, BT4 3LP",0,0,0,2,,,22(2),54.59371,-5.839133,24 x 7,,
,,"NW Transport Hub, Waterside Link, Derry, BT47",,,,,,,,,,,,
NI,,6AH,0,0,0,4,,,7(4),54.993048,-7.312726,24 x 7,,
,,"Dunsilly Park and Ride, Dunsilly Roundabout,",,,,,,,,,,,,
NI,Antrim,"Antrim, BT41 2JH",0,0,0,2,,,22(2),54.74636,-6.234244,24 x 7,,
,,"Junction One Shopping Centre, Ballymena Road,",,,,,,,,,,,,
NI,Antrim,"Antrim, BT41 4LL",0,0,0,2,,,22(2),54.73014,-6.2305,24 x 7,,
,,Causeway Coast and Glens Borough Council Car,,,,,,,,,,,,
NI,Antrim,"Park, Castle Street, Antrim, BT41 4JE",0,0,0,2,,,22(2),54.717721,-6.220294,24 x 7,,
,,"Antrim Park & Ride, Station Road, Antrim, BT41",,,,,,,,,,,,
NI,Antrim,4AB,0,0,0,2,,,22(2),54.717252,-6.210415,24 x 7,,
,,"Council Car Park, Dublin Road/Bridge Street,",,,,,,,,,,,,
NI,Antrim,"Antrim, BT41 4DA",0,0,0,2,,,22(2),54.712504,-6.218678,24 x 7,,
,,"Crumlin Community Centre, Main Street,",,,,,,,,,,,,
NI,Antrim,"Crumlin, Antrim, BT29 4UR",0,0,0,2,,,22(2),54.62047,-6.2147,24 x 7,,
,,"Car Park, Abbey Lane, Off Linenhall Street,",,,,,,,,,,,,
NI,Antrim,"Armagh, BT61 7DW",0,0,0,2,22(2),54.34658,-6.653094,24 x 7,,,,
,,Causeway Coast and Glens Borough Council Car,,,,,,,,,,,,
NI,Antrim,"Park, Castle Street, Ballycastle, BT64 6AS",0,0,0,2,22(2),55.200932,-6.253492,24 x 7,,,,
,,"Ballygally Castle Hotel, 274 Coast Rd,",,,,,,,,,,,,
NI,Antrim,"Ballygalley, BT40 2QZ",0,0,0,2,22(2),54.899439,-5.861231,24 x 7,,,,
,,,,,,,,,,Mon:09:00-18:00,,,,
,,,,,,,,,,Tue:09:00-17:30,,,,
,,,,,,,,,,Wed:09:00-18:00,,,,
,,,,,,,,,,Thu:09:00-22:00,,,,
,,,,,,,,,,Fri:09:00-21:00,,,,
,,"Fairhill Shopping Centre, Fairhill Lane,",,,,,,,,Sat:09:00-18:00,,,,
NI,Antrim,"Ballymena, BT43 6UF",0,0,0,2,22(2),54.869939,-6.27494,Sun:13:00-18:00,,,,
,,"Ballymena Park and Ride, Galgorm Road,",,,,,,,,,,,,
NI,Antrim,"Ballymena, BT42 1AD",0,0,0,2,22(2),54.864446,-6.284769,24 x 7,,,,
,,"Seven Towers Leisure Centre Car Park, Via A26",,,,,,,,,,,,
NI,Antrim,"Larne Road Link (At KFC), Ballymena, BT43 7BL",0,0,0,2,22(2),54.862323,-6.268294,24 x 7,,,,
,,"Council Car Park, Henry Street (Larne Street),",,,,,,,,,,,,
NI,Antrim,"Ballymena, BT42 3AH",0,0,0,2,22(2),54.860083,-6.277401,24 x 7,,,,
,,"Car Park County Hall, 182 Galgorm Rd,",,,,,,,,,,,,
NI,Antrim,"Ballymena, BT42 1QF",0,0,0,2,22(2),54.857101,-6.308798,24 x 7,,,,
,,"Maxol Centra Antrim Road Filling Station,",,,,,,,,,,,,
NI,Antrim,"Queen Street, Ballymena, BT42 2BJ",2,0,0,100(2),,54.853932,-6.275528,24 x 7,,,,
,,"Ballee Road Park and Share, Ballymena, BT42",,,,,,,,,,,,
NI,Antrim,2HD,0,0,0,2,22(2),54.844648,-6.273606,24 x 7,,,,
NI,Antrim,"Townhead Street, Ballymoney, BT53 6BE",0,0,0,2,22(2),55.071775,-6.519416,24 x 7,,,,
,,"Trolan's Supervalu (Filling Station), Ballymena",,,,,,,,,,,,
NI,Antrim,"Road (B62), Ballymoney, BT53 7AB",0,0,0,2,22(2),55.071061,-6.502612,24 x 7,,,,
,,"Joey Dunlop Leisure Centre, 33 Garryduff Rd,",,,,,,,,,,,,
NI,Antrim,"Ballymoney, BT53 7DB",0,0,0,2,22(2),55.063572,-6.494441,24 x 7,,,,
,,"Fort Service Station, 234 Shore Road, Belfast,",,,,,,,,,,,,
NI,Antrim,BT15 3QB,1,1,0,1,50,50,22,54.629701,-5.922442,24 x 7,,
,,"Eastside Park and Ride, Middlepath Street,",,,,,,,,,,,,
NI,Antrim,"Belfast, BT5 4BG",0,0,0,2,,22(2),,54.600304,-5.912613,24 x 7,,
,,"Central Station Car Park, Mays Meadow, Belfast,",,,,,,,,,,,,
NI,Antrim,BT1 3PB,0,0,0,2,,22(2),,54.595384,-5.915776,24 x 7,,
NI,Antrim,"Adelaide Street, Belfast, BT2 8GB",0,0,0,2,,22(2),,54.594342,-5.928256,24 x 7,,
NI,Antrim,"BCC Car Park, Cromac Street, Belfast, BT2 8JN",0,0,0,2,,22(2),,54.594109,-5.924292,24 x 7,,
,,"BCC Car Park, Hope Street North/Bruce Street,",,,,,,,,,,,,
NI,Antrim,"Belfast, BT12 5EE",0,0,0,2,,22(2),,54.593482,-5.935689,24 x 7,,
,,"BCC Car Park, Little Victoria Street, Belfast, BT2",,,,,,,,,,,,
NI,Antrim,7JH,0,0,0,2,,22(2),,54.592703,-5.93343,24 x 7,,
NI,Antrim,"Lower Crescent, Belfast, BT7 1NR",0,0,0,2,,22(2),,54.587893,-5.934377,24 x 7,,
,,"Sainsbury's Car Park, 28 Kennedy Centre, Falls",,,,,,,,,,,,
NI,Antrim,"Rd, Belfast, BT11 9AE",0,0,0,2,,22(2),,54.582154,-5.979438,24 x 7,,
,,"Lisnasharragh Leisure Centre, Montgomery Rd,",,,,,,,,,,,,
NI,Antrim,"Castlereagh, Belfast, BT6 9HS",0,0,0,2,,22(2),,54.5774,-5.88767,24 x 7,,
,,,,,,,,,,,,Mon:09:00-21:00,,
,,,,,,,,,,,,Tue:09:00-21:00,,
,,,,,,,,,,,,Wed:09:00-21:00,,
,,,,,,,,,,,,Thu:09:00-21:00,,
,,,,,,,,,,,,Fri:09:00-21:00,,
,,,,,,,,,,,,Sat:09:00-21:00,,
NI,Antrim,"Shane Retail Park, Boucher Road, Belfast, BT12",1,1,0,1,50,50,22,54.572268,-5.97053,Sun:13:00-17:00,,
,,"Cairnshill Park and Ride, Saintfield",,,,,,,,,,,,
NI,Antrim,"Road/Purdysburn Road, Belfast, BT8 6RG",0,0,0,2,,22(2),,54.546408,-5.905207,24 x 7,,
,,"Car Park opposite The Bushmills Inn, Main",,,,,,,,,,,,
NI,Antrim,"Street, Bushmills, BT57 8QB",0,0,0,2,,22(2),,55.207426,-6.523373,24 x 7,,
,,"Spar car park , Havelock Place, Carnlough, BT44",,,,,,,,,,,,
NI,Antrim,0EU,0,0,0,2,,22(2),,54.994168,-5.98955,24 x 7,,
,,"Council Public Car Park, Beverley Road,",,,,,,,,,,,,
NI,Antrim,"Carnmoney, BT36 6QD",0,0,0,2,,22(2),,54.68885,-5.948989,24 x 7,,
,,"Carrickfergus Station Park and Ride, Victoria",,,,,,,,,,,,
NI,Antrim,"Street, Carrickfergus, BT38 8AQ",0,0,0,2,,22(2),,54.717053,-5.810334,24 x 7,,
,,"BCC Car Park, Glenburn Road, Dunmurry, BT17",,,,,,,,,,,,
NI,Antrim,9AQ,0,0,0,2,,22(2),,54.550341,-6.005085,24 x 7,,
NI,Antrim,"New Road (A2 Coast Road), Glenarm, BT44 0AA",0,0,0,2,,22(2),,54.968494,-5.950874,24 x 7,,
,,"Jordanstown Train Station Park & Ride, Lynda",,,,,,,,,,,,
NI,Antrim,"Avenue, Jordanstown, BT37 0NX",0,0,0,2,,22(2),,54.687176,-5.897521,24 x 7,,
,,"Larne Leisure Centre, 28 Tower Rd, Larne, BT40",,,,,,,,,,,,
NI,Antrim,1AB,0,0,0,2,,22(2),,54.855201,-5.803055,24 x 7,,
NI,Antrim,"Agnew Street, Larne, BT40 1RF",0,0,0,2,,22(2),,54.852279,-5.815372,24 x 7,,
NI,Antrim,"Riverdale, Off High Street, Larne, BT40 1LB",0,0,0,2,,22(2),,54.85092,-5.824385,24 x 7,,
NI,Antrim,"Narrow Gauge/Circular Road, Larne, BT40 1XB",0,0,0,2,,22(2),,54.85006,-5.818284,24 x 7,,
,,"Port Stop Circle K Service Station, Redlands",,,,,,,,,,,,
NI,Antrim,"Road, Larne, BT40 1AY",0,1,0,1,,50,22,54.846012,-5.807106,24 x 7,,
,,"Lisburn and Castlereagh City Council Car Park,",,,,,,,,,,,,
NI,Antrim,"Benson Street, Lisburn, BT28 2AA",0,0,0,2,,22(2),,54.5137,-6.0538,24 x 7,,
,,"Sixmile Leisure Centre, Off Ballynure Road,",,,,,,,,,,,,
NI,Antrim,"Ballyclare, Newtownabbey, BT39 9YU",0,0,0,2,,22(2),,54.752969,-5.997569,24 x 7,,
,,"Council Car Park, Harrier Way, Ballyclare,",,,,,,,,,,,,
NI,Antrim,"Newtownabbey, BT39 9AA",0,0,0,2,,22(2),,54.750814,-5.999819,24 x 7,,
,,"Mossley West Park and Ride, The Glade /",,,,,,,,,,,,
,,"Carnmoney Road North, Newtownabbey, BT36",,,,,,,,,,,,
NI,Antrim,5NN,0,0,0,2,,22(2),,54.696594,-5.951624,24 x 7,,
,,"Applegreen Templepatrick Services, M2 N/W-",,,,,,,,,,,,
NI,Antrim,"bound, Newtownabbey, BT364RN",1,1,0,1,50,50,22,54.69481,-6.018397,24 x 7,M2 M2,
,,"Council Car Park, Farmley Road, Glengormley,",,,,,,,,,,,,
NI,Antrim,"Newtownabbey, BT36 7TY",0,0,0,2,,22(2),,54.66953,-5.95782,24 x 7,,
,,"The Valley Leisure Centre, Church Road,",,,,,,,,,,,,
NI,Antrim,"Newtownabbey, BT36 7LJ",0,0,0,2,,22(2),,54.661953,-5.930754,24 x 7,,
,,Causeway Coast and Glens Borough Council Car,,,,,,,,,,,,
,,"Park, Lower Lansdowne Road/ Bath Road,",,,,,,,,,,,,
NI,Antrim,"Portrush, BT56 8AY",0,0,0,2,,22(2),,55.20941,-6.65513,24 x 7,,
,,Causeway Coast and Glens Borough Council Car,,,,,,,,,,,,
NI,Antrim,"Park, Dunluce Avenue, Portrush, BT56 8DW",0,0,0,2,,22(2),,55.202916,-6.651237,24 x 7,,
,,"Portrush Service Station, 185 Bushmills Road,",,,,,,,,,,,,
NI,Antrim,"Portrush, Co. Antrim, BT56 8JE",1,1,0,1,50,50,22,55.20171,-6.645793,24 x 7,,
,,Portglenone Road (Opposite Presbyterian,,,,,,,,,,,,
NI,Antrim,"Church, Randalstown, BT41 3EH",0,0,0,2,,22(2),,54.751025,-6.323984,24 x 7,,
,,"Hilton Templepatrick Castle Upton Estate,",,,,,,,,,,,,
NI,Antrim,"Paradise Walk, Templepatrick, BT39 0DD",0,0,0,2,,22(2),,54.710224,-6.093044,24 x 7,,
,,"Templepatrick Park and Ride, A6 Belfast",,,,,,,,,,,,
NI,Antrim,"Rd/Paradise Walk, Templepatrick, BT39 0DD",0,0,0,2,,22(2),,54.705215,-6.089323,24 x 7,,
,,"Park And Ride, Moneynick Road (B18), Toome",,,,,,,,,,,,
NI,Antrim,"Bypass, Toomebridge, BT49 3QP",0,0,0,2,,22(2),,54.749279,-6.44828,24 x 7,,
,,"Recreation Centre Car Park, 20 Cathedral Road,",,,,,,,,,,,,
NI,Armagh,"Armagh, BT61 7QX",0,0,0,2,,22(2),,54.350942,-6.660039,24 x 7,,
,,"Public Parking, Palace Demense Park (A3), Off",,,,,,,,,,,,
NI,Armagh,"Friary Road (A3), Armagh, BT60 4EL",0,0,0,2,,22(2),,54.340366,-6.65215,24 x 7,,
,,"Lough Neagh Discovery Centre, B76 (M1 Exit",,,,,,,,,,,,
NI,Armagh,"10), Lurgan, Craigavon, BT66 6NJ",0,0,0,2,,22(2),,54.496159,-6.384416,24 x 7,M1 M1,
,,"Craigavon Leisure Centre/Community Hub,",,,,,,,,,,,,
NI,Armagh,"Brownlow Rd, Craigavon, BT65 5DL",0,0,0,2,,22(2),,54.445926,-6.364334,24 x 7,,
,,"Lurgan Park & Ride, Lough Road, Lurgan, BT66",,,,,,,,,,,,
NI,Armagh,6JB,0,0,0,2,,22(2),,54.482015,-6.354253,24 x 7,,
,,"Council Car Park, Magowan Buildings,",,,,,,,,,,,,
NI,Armagh,"Woodhouse Street, Portadown, BT62 1JG",0,0,0,2,,22(2),,54.423635,-6.446591,24 x 7,,
,,"McDonalds Car Park, Meadow Lane East,",,,,,,,,,,,,
NI,Armagh,"Portadown, BT62 3TN",0,0,0,2,,22(2),,54.422202,-6.44002,24 x 7,,
,,"Council Car Park, Fair Green, Duke Street,",,,,,,,,,,,,
NI,Armagh,"Portadown, BT62 3PF",0,0,0,2,,22(2),,54.420878,-6.447472,24 x 7,,
NI,Armagh,"Market Street, Tandragee, BT62 2BW",0,0,0,2,,22(2),,54.352986,-6.412773,24 x 7,,
NI,Derry,"Carlisle Road, Derry City, BT48 6JW",0,0,0,2,,,22(2),54.993202,-7.319396,24 x 7,,
,,"Benone Tourist Complex, 53 Benone Ave,",,,,,,,,,,,,
NI,Derry/Londonderry,"Benone, BT49 0LQ",0,0,0,2,,,22(2),55.163904,-6.871463,24 x 7,,
,,"Park and Ride, Castledawson Road (A31),",,,,,,,,,,,,
NI,Derry/Londonderry,"Castledawson, BT49 0NW",0,0,0,2,,,22(2),54.770986,-6.57608,24 x 7,,
,,"Council Car Park, Union Street, Central",,,,,,,,,,,,
NI,Derry/Londonderry,"Magherafelt, BT45 6DF",0,0,0,2,,,22(2),54.756443,-6.610751,24 x 7,,
,,"Coleraine Park and Ride, Railway Place,",,,,,,,,,,,,
NI,Derry/Londonderry,"Coleraine, BT52 1PQ",0,0,0,2,,,22(2),55.133625,-6.663814,24 x 7,,
,,Causeway Coast and Glens Borough Council Car,,,,,,,,,,,,
,,"Park, Waterside Lane, Off Castlerock",,,,,,,,,,,,
NI,Derry/Londonderry,"Street/Waterside (A2), Coleraine, BT51 3DP",0,0,0,2,,,22(2),55.132465,-6.676898,24 x 7,,
,,"Brunswick Moviebowl, Brunswick Lane,",,,,,,,,,,,,
NI,Derry/Londonderry,"Pennyburn Industrial Estate, Derry, BT48 0LU",0,0,0,2,,,22(2),55.013489,-7.320488,24 x 7,,
,,"Public Car Park, Chapel Road, Dungiven, BT47",,,,,,,,,,,,
NI,Derry/Londonderry,4RT,0,0,0,2,,,22(2),54.919368,-6.915843,24 x 7,,
NI,"Derry/LondonderryChurch Street, Kilrea, BT51 5QU",,0,0,0,2,,,22(2),54.95111,-6.555297,24 x 7,,
NI,"Derry/LondonderryMain Street, Limavady, BT47 0ET",,0,0,0,2,,,22(2),55.052944,-6.951432,24 x 7,,
NI,"Derry/LondonderryCatherine Street, Limavady, BT49 9DB",,0,0,0,2,,,22(2),55.049487,-6.953681,24 x 7,,
,,"Roe Valley Country Park Hotel, Off Drumrane",,,,,,,,,,,,
NI,Derry/Londonderry,"Road (B192), Limavady, BT49 9LB",0,0,0,2,,,22(2),55.0375,-6.9537,24 x 7,,
NI,"Derry/LondonderryStrand Road, Londonderry, BT48 7AJ",,0,0,0,2,,,22(2),55.001546,-7.322345,24 x 7,,
,,"Victoria Market Car Park, Off Queens Quay",,,,,,,,,,,,
NI,Derry/Londonderry,"Roundabout, Londonderry, BT48 7AS",0,0,0,2,,,22(2),54.9989,-7.32095,24 x 7,,
NI,"Derry/LondonderryThe Diamond, Londonderry, BT48 6HN",,0,0,0,2,,,22(2),54.99548,-7.32185,24 x 7,,
,,"Maxol Service Station, Glendermot Road,",,,,,,,,,,,,
NI,Derry/Londonderry,"Waterside, Londonderry, BT47 6BG",1,1,0,1,50,50,22,54.994694,-7.306149,24 x 7,,
NI,"Derry/LondonderryCar Park, Bishop Street, Londonderry, BT48 6PT",,0,0,0,2,,,22(2),54.994629,-7.323503,24 x 7,,
,,"Texaco Service Station, Glenshane Road,",,,,,,,,,,,,
NI,Derry/Londonderry,"Maghera, BT46 5JZ",1,1,1,0,50,50,43,54.847043,-6.720392,24 x 7,,
,,"Craigadick Park & Ride, Glenshane",,,,,,,,,,,,
,,"Rd/Tobermore Rd (A6/A29) intersection,",,,,,,,,,,,,
NI,Derry/Londonderry,"Maghera, BT46 5DR",0,0,0,2,,22(2),,54.836708,-6.683699,24 x 7,,
,,"Council Car Park, St. Lurachs Road, Magherafelt,",,,,,,,,,,,,
NI,Derry/Londonderry,BT46 5JE,0,0,0,2,,22(2),,54.8434,-6.6713,24 x 7,,
,,"St Patricks Street, Draperstown, Magherafelt,",,,,,,,,,,,,
NI,Derry/Londonderry,BT45 7AL,0,0,0,2,,22(2),,54.793289,-6.785016,24 x 7,,
,,"Meadowlane Shopping Centre, Moneymore",,,,,,,,,,,,
NI,Derry/Londonderry,"Road, Magherafelt, BT45 6PR",0,0,0,2,,22(2),,54.75236,-6.61157,24 x 7,,
,,"Moneymore Recreation Centre, Moneyhaw Rd,",,,,,,,,,,,,
NI,Derry/Londonderry,"Moneymore, BT45 7XJ",0,0,0,2,,22(2),,54.688089,-6.671085,24 x 7,,
NI,"Derry/LondonderryMain Street, Plumbridge, BT79 8AA",,0,0,0,2,,22(2),,54.767794,-7.250329,24 x 7,,
,,Derry City and Strabane District Council Car,,,,,,,,,,,,
,,"Park, Canal Basin, Dock Street, Strabane, BT82",,,,,,,,,,,,
NI,Derry/Londonderry,8EE,0,0,0,2,,22(2),,54.829324,-7.464149,24 x 7,,
,,"The Fir Trees Hotel, Dublin Road, Strabane,",,,,,,,,,,,,
NI,Derry/Londonderry,BT82 9EA,0,0,0,2,,22(2),,54.8087,-7.47446,24 x 7,,
,,"Albert Street Car Park, Off Main Street &",,,,,,,,,,,,
NI,Derry/Londonderry,"Strabane Road, Castlederg, Strabane, BT81 7AT",0,0,0,2,,22(2),,54.70753,-7.59209,24 x 7,,
NI,Down,"Dromore Road (A1), Banbridge, BT32 4ET",1,1,0,1,50,50,22,54.368308,-6.217501,24 x 7,,
NI,Down,"Downshire Place, Banbridge, BT32 3DF",0,0,0,2,,22(2),,54.349868,-6.270334,24 x 7,,
,,"Public Car Park, Townsend Street, Banbridge,",,,,,,,,,,,,
NI,Down,BT32 3LF,0,0,0,2,,22(2),,54.346714,-6.268749,24 x 7,,
,,"The Outlet, Bridgewater Park, Banbridge, BT32",,,,,,,,,,,,
NI,Down,4GJ,0,0,0,2,,22(2),,54.331574,-6.277109,24 x 7,,
NI,Down,"Public Car Park, Quay Street, Bangor, BT20 5ED",0,0,0,2,,22(2),,54.664614,-5.66827,24 x 7,,
,,"Bloomfield Shopping Centre & Retail Park,",,,,,,,,,,,,
NI,Down,"South Circular Rd, Bangor, BT19 7HB",0,0,0,2,,22(2),,54.647352,-5.658459,24 x 7,,
,,"Maxol Service Station, Shaws Bridge, Milltown",,,,,,,,,,,,
NI,Down,"Road (A55), Belfast, BT8 7XP",0,1,0,1,,50,22,54.546903,-5.937261,24 x 7,,
,,"Ivanhoe Inn & Hotel, 556 Saintfield Rd,",,,,,,,,,,,,
NI,Down,"Carryduff, BT8 8EU",0,0,0,2,,22(2),,54.529472,-5.893496,24 x 7,,
NI,Down,"Bell's Spar, Saintfield Road, Crossgar, BT30 9HY",0,1,0,1,,50,22,54.399403,-5.764447,24 x 7,,
,,"Council Public Car Park, The Square, Crossgar,",,,,,,,,,,,,
NI,Down,BT30 9EE,0,0,0,2,,22(2),,54.396759,-5.758739,24 x 7,,
NI,Down,"Main Street, Castlewellan, Down, BT31 9DQ",0,0,0,2,,22(2),,54.256606,-5.946635,24 x 7,,
,,"The Quays Shopping Centre, Via Bridge Street or",,,,,,,,,,,,
NI,Down,"Albert Basin, Newry, Down, BT35 8QS",0,0,0,2,,,7(2),54.168319,-6.34252,24 x 7,,
NI,Down,"Church Street/Saul Link, Downpatrick, BT30 6EH",0,0,0,2,,22(2),,54.331,-5.7139,24 x 7,,
,,"Ratkeltair House, Market Street, Downpatrick,",,,,,,,,,,,,
NI,Down,BT30 6AJ,0,0,0,2,,22(2),,54.325181,-5.721277,24 x 7,,
NI,Down,"Cross Lane/Gallows Street, Dromore, BT25 1BL",0,0,0,2,,22(2),,54.415433,-6.148908,24 x 7,,
,,"Dundonald Cinemaplex, Old Dundonald Road,",,,,,,,,,,,,
NI,Down,"Dundonald, BT16 1XT",0,0,0,2,,22(2),,54.5895,-5.821811,24 x 7,,
,,"Sprucefield Shopping Centre, Off Lisburn-",,,,,,,,,,,,
,,"Hillsborough Road (A1 & M1), Hillsborough,",,,,,,,,,,,,
NI,Down,BT27 5UJ,1,1,0,1,50,50,22,54.491762,-6.061305,24 x 7,M1 M1,
NI,Down,"Lisburn Street, Hillsborough, BT26 6AB",0,0,0,2,,22(2),,54.466053,-6.084082,24 x 7,,
,,,,,,,,,,,,Mon:00:00-00:00,,
,,,,,,,,,,,,Tue:10:00-17:00,,
,,,,,,,,,,,,Wed:10:00-17:00,,
,,,,,,,,,,,,Thu:10:00-17:00,,
,,,,,,,,,,,,Fri:10:00-17:00,,
,,"Ulster Folk and Transport Museum, 153 Bangor",,,,,,,,,,Sat:10:00-17:00,,
NI,Down,"Rd, Holywood, BT18 0EU",0,0,0,2,,22(2),,54.652793,-5.800031,Sun:10:00-17:00,,
NI,Down,"Greencastle Street, Kilkeel, BT34 4QD",0,0,0,2,,22(2),,54.060883,-6.008678,24 x 7,,
,,"Dobbies Garden World, Saintfield Road, Lisburn,",,,,,,,,,,,,
NI,Down,BT27 5PG,0,0,0,2,,22(2),,54.5045,-6.027934,24 x 7,,
,,"Barbican Filling Station, 80-82 Dundrum Rd,",,,,,,,,,,,,
NI,Down,"Newcastle, BT33 0LN",0,0,0,2,,22(2),,54.2205,-5.8866,24 x 7,,
,,"Slieve Donard Resort and Spa, Down's Road,",,,,,,,,,,,,
NI,Down,"Newcastle, BT33 0AH",0,0,0,2,,22(2),,54.216337,-5.883547,24 x 7,,
,,"Council Car Park, Shimna Rd, Newcastle, BT33",,,,,,,,,,,,
NI,Down,0AS,0,0,0,2,,22(2),,54.214826,-5.890661,24 x 7,,
NI,Down,"Donard Park, Newcastle, BT33 0SE",0,0,0,2,,22(2),,54.2064,-5.893956,24 x 7,,
,,"Newry Train Station Car Park, Derrybeg Lane,",,,,,,,,,,,,
NI,Down,"Newry, BT35 6JW",0,0,0,2,,22(2),,54.189215,-6.362644,24 x 7,,
NI,Down,"Monaghan Street, Newry, BT35 6BB",0,0,0,2,,22(2),,54.176536,-6.342105,24 x 7,,
,,"Canal Court Hotel Car Park, Merchants Quay,",,,,,,,,,,,,
NI,Down,"Newry, BT35 8HF",0,0,0,2,,22(2),,54.176231,-6.341529,24 x 7,,
NI,Down,"Hill Street, Newry, BT34 1AR",0,0,0,2,,22(2),,54.175284,-6.337945,24 x 7,,
,,"Newry & Mourne Museum (Bagenal's Castle),",,,,,,,,,,,,
NI,Down,"Abbey Way (A28), Newry, BT34 2BY",0,0,0,2,,22(2),,54.173287,-6.335203,24 x 7,,
NI,Down,"Public Car Park, Bridge Street, Newry, BT35 8AN",0,0,0,2,,22(2),,54.170301,-6.34155,24 x 7,,
,,"Kilkeel Leisure Centre, Mourne Esplenade,",,,,,,,,,,,,
NI,Down,"Newry, BT34 4DB",0,0,0,2,,22(2),,54.058394,-5.996335,24 x 7,,
NI,Down,"Castle Street, Portaferry, BT22 1NZ",0,0,0,2,,22(2),,54.382225,-5.548642,24 x 7,,
,,"Quayside Public Parking, Stella Maris Street,",,,,,,,,,,,,
NI,Down,"Strangford, BT30 7NH",0,0,0,2,,22(2),,54.37075,-5.554131,24 x 7,,
NI,Down,"Havelock Place, Warrenpoint, BT34 3NE",0,0,0,2,,22(2),,54.09896,-6.254488,24 x 7,,
,,"Trory Circle K / Filling Station, 236 Irvinestown",,,,,,,,,,,,
NI,Fermanagh,"Road, Enniskillen, BT74 6DN",1,1,0,1,50,50,22,54.385592,-7.639049,24 x 7,,
,,"Public Car Park, Queen Street, Enniskillen, BT74",,,,,,,,,,,,
NI,Fermanagh,7JR,0,0,0,2,,22(2),,54.347332,-7.641126,24 x 7,,
NI,"FermanaghQuay Lane North, Enniskillen, BT74 6AG",,0,0,0,2,,22(2),,54.34387,-7.634192,24 x 7,,
NI,"FermanaghWellington Street, Enniskillen, BT74 6JH",,0,0,0,2,,22(2),,54.343512,-7.637848,24 x 7,,
,,"Spar Car Park, 46 Main Street, Derrylin,",,,,,,,,,,,,
NI,Fermanagh,"Enniskillen, BT92 8JW",0,0,0,2,,22(2),,54.19802,-7.57355,24 x 7,,
NI,"FermanaghEden Street, Enniskillen, Fermanagh, BT74 7EG",,0,0,0,2,,22(2),,54.345051,-7.640047,24 x 7,,
,,"Council Car Park, Main Street, Irvinestown, BT94",,,,,,,,,,,,
NI,Fermanagh,1DW,0,0,0,2,,22(2),,54.472437,-7.630603,24 x 7,,
,,"Fermanagh and Omagh District Council Car Park,",,,,,,,,,,,,
,,"Via Main Street (A34) & Newbridge Road,",,,,,,,,,,,,
NI,Fermanagh,"Lisnaskea, BT9 20J",0,0,0,2,,22(2),,54.252651,-7.442562,24 x 7,,
,,"Fermanagh and Omagh District Council Car Park,",,,,,,,,,,,,
,,"Boyhill Road (U9409), Off Main Street,",,,,,,,,,,,,
NI,Fermanagh,"Maguiresbridge, BT94 4RZ",0,0,0,2,,22(2),,54.2944,-7.463871,24 x 7,,
NI,"FermanaghMain Street, Dromore, Omagh, BT78 3AD",,0,0,0,2,,22(2),,54.512866,-7.458019,24 x 7,,
,,Mid Ulster District Council - Dungannon Car,,,,,,,,,,,,
,,"Park, The Cornmill, Lineside (B520), Coalisland,",,,,,,,,,,,,
NI,Tyrone,BT71 4LP,0,0,0,2,,22(2),,54.5399,-6.7,24 x 7,,
NI,Tyrone,"Car Park, Union Place, Cookstown, BT80 8NP",0,0,0,2,,22(2),,54.647547,-6.742967,24 x 7,,
,,"South West College, Burn Road, Cookstown,",,,,,,,,,,,,
NI,Tyrone,BT80 8DN,0,0,0,2,,22(2),,54.647349,-6.747952,24 x 7,,
,,"Burnavon Theatre, Burn Rd, Cookstown, BT80",,,,,,,,,,,,
NI,Tyrone,8DN,0,0,0,2,,22(2),,54.647258,-6.746921,24 x 7,,
,,"Cookstown Leisure Centre, 78 Fountain Rd,",,,,,,,,,,,,
NI,Tyrone,"Cookstown, BT80 8QF",0,0,0,2,,22(2),,54.64163,-6.73992,24 x 7,,
,,"Oaks Shopping Centre, Oaks Road, Dungannon,",,,,,,,,,,,,
NI,Tyrone,BT71 4NA,0,0,0,2,,22(2),,54.512094,-6.763396,24 x 7,,
,,Mid Ulster District Council - Dungannon Car,,,,,,,,,,,,
,,"Park, Scotch Street South, Dungannon, BT70",,,,,,,,,,,,
NI,Tyrone,1BD,0,0,0,2,,22(2),,54.502841,-6.769526,24 x 7,,
,,"Maxol Service station (Donnelly's Garage),57",,,,,,,,,,,,
NI,Tyrone,"Moy Road, Dungannon, BT71 7DT",1,1,0,1,50,50,22,54.486993,-6.745031,24 x 7,,
,,"Ballygawley Park and Ride, Tullyvar Road,",,,,,,,,,,,,
NI,Tyrone,"Dungannon, BT70 2LY",0,0,0,2,,22(2),,54.456951,-7.033401,24 x 7,,
NI,Tyrone,"Car Park, Down Street, Enniskillen, BT74 7DX",0,0,0,2,,22(2),,54.345539,-7.638513,24 x 7,,
NI,Tyrone,"Car Park, Edfield Way, Fivemiletown, BT75 0QN",0,0,0,2,,22(2),,54.37878,-7.31583,24 x 7,,
,,"Newtownstewart Leisure Centre, 17 Moyle Rd,",,,,,,,,,,,,
NI,Tyrone,"Newtownstewart, BT78 4AP",0,0,0,2,,22(2),,54.714911,-7.377284,24 x 7,,
,,"Mellon Country Inn, Beltany Road (A5), Omagh,",,,,,,,,,,,,
NI,Tyrone,BT78 5RA,0,1,0,1,50,22,54.676914,-7.352932,24 x 7,,,
,,,,,,,,,,,Mon:08:00-16:00,,,
,,,,,,,,,,,Tue:08:00-16:00,,,
,,,,,,,,,,,Wed:08:00-16:00,,,
,,,,,,,,,,,Thu:08:00-16:00,,,
,,,,,,,,,,,Fri:08:00-16:00,,,
,,"Ulster-American Folk Park, 2 Mellon Road,",,,,,,,,,Sat:00:00-00:00,,,
NI,Tyrone,"Castletown, Omagh, BT78 5QU",0,0,0,2,22(2),,54.659146,-7.334948,Sun:00:00-00:00,,,
,,"Omagh Leisure Complex (Council), Swinging",,,,,,,,,,,,
NI,Tyrone,"Bars Roundabout (A505), Omagh, BT79 7EG",0,0,0,2,22(2),,54.604361,-7.298422,24 x 7,,,
,,"Council Car Park, Brooke Street, Omagh, BT78",,,,,,,,,,,,
NI,Tyrone,5HD,0,0,0,2,22(2),,54.601591,-7.307725,24 x 7,,,
,,"Council Car Park, Castle Street, Omagh, BT78",,,,,,,,,,,,
NI,Tyrone,1DD,0,0,0,2,22(2),,54.601215,-7.306509,24 x 7,,,
,,"Park and Ride, Crevenagh Road, Omagh, BT78",,,,,,,,,,,,
NI,Tyrone,1ND,0,0,0,2,22(2),,54.595862,-7.289644,24 x 7,,,
,,"Railway Street Car Park, Railway Street,",,,,,,,,,,,,
NI,Tyrone,"Strabane, BT82 8EQ",0,0,0,2,22(2),,54.826859,-7.46552,24 x 7,,,
,,Derry City and Strabane District Council Car,,,,,,,,,,,,
NI,Tyrone,"Park, Upper Main Street, Strabane, BT82 8AU",0,0,0,2,22(2),,54.824472,-7.461848,24 x 7,,,
,,"Riversdale Leisure Centre, Lisnafin Park,",,,,,,,,,,,,
NI,Tyrone,"Strabane, BT82 9DG",0,0,0,2,22(2),,54.8221,-7.4743,24 x 7,,,
Latest,,,,,,,,,,,,,,
Change,,,,,,,,,,,,,,
27/11/2019,,,,,,,,,,,,,,
30/11/2020,,,,,,,,,,,,,,
30/01/2019,,,,,,,,,,,,,,
26/11/2019,,,,,,,,,,,,,,
14/05/2021,,,,,,,,,,,,,,
13/02/2021,,,,,,,,,,,,,,
23/01/2024,,,,,,,,,,,,,,
08/11/2019,,,,,,,,,,,,,,
18/09/2020,,,,,,,,,,,,,,
13/01/2021,,,,,,,,,,,,,,
08/10/2020,,,,,,,,,,,,,,
22/10/2019,,,,,,,,,,,,,,
20/05/2020,,,,,,,,,,,,,,
20/02/2020,,,,,,,,,,,,,,
20/09/2022,,,,,,,,,,,,,,
29/11/2023,,,,,,,,,,,,,,
16/01/2020,,,,,,,,,,,,,,
12/04/2018,,,,,,,,,,,,,,
19/12/2023,,,,,,,,,,,,,,
05/11/2020,,,,,,,,,,,,,,
14/09/2021,,,,,,,,,,,,,,
04/11/2019,,,,,,,,,,,,,,
11/11/2019,,,,,,,,,,,,,,
17/10/2019,,,,,,,,,,,,,,
10/12/2018,,,,,,,,,,,,,,
17/10/2019,,,,,,,,,,,,,,
11/03/2021,,,,,,,,,,,,,,
09/10/2019,,,,,,,,,,,,,,
25/04/2023,,,,,,,,,,,,,,
20/11/2019,,,,,,,,,,,,,,
09/10/2019,,,,,,,,,,,,,,
18/02/2020,,,,,,,,,,,,,,
27/01/2020,,,,,,,,,,,,,,
09/11/2019,,,,,,,,,,,,,,
15/03/2021,,,,,,,,,,,,,,
22/01/2024,,,,,,,,,,,,,,
19/03/2020,,,,,,,,,,,,,,
23/01/2020,,,,,,,,,,,,,,
17/05/2018,,,,,,,,,,,,,,
09/03/2021,,,,,,,,,,,,,,
28/02/2020,,,,,,,,,,,,,,
25/10/2019,,,,,,,,,,,,,,
04/07/2018,,,,,,,,,,,,,,
16/10/2019,,,,,,,,,,,,,,
22/02/2021,,,,,,,,,,,,,,
23/01/2020,,,,,,,,,,,,,,
01/12/2021,,,,,,,,,,,,,,
20/11/2019,,,,,,,,,,,,,,
09/10/2019,,,,,,,,,,,,,,
27/04/2022,,,,,,,,,,,,,,
20/03/2024,,,,,,,,,,,,,,
22/12/2021,,,,,,,,,,,,,,
08/03/2021,,,,,,,,,,,,,,
27/04/2021,,,,,,,,,,,,,,
07/11/2017,,,,,,,,,,,,,,
15/03/2021,,,,,,,,,,,,,,
15/10/2020,,,,,,,,,,,,,,
04/07/2018,,,,,,,,,,,,,,
13/10/2020,,,,,,,,,,,,,,
25/10/2019,,,,,,,,,,,,,,
12/05/2021,,,,,,,,,,,,,,
20/11/2020,,,,,,,,,,,,,,
27/04/2021,,,,,,,,,,,,,,
29/11/2019,,,,,,,,,,,,,,
29/03/2021,,,,,,,,,,,,,,
09/04/2021,,,,,,,,,,,,,,
12/11/2019,,,,,,,,,,,,,,
12/11/2019,,,,,,,,,,,,,,
29/03/2021,,,,,,,,,,,,,,
04/01/2024,,,,,,,,,,,,,,
16/06/2021,,,,,,,,,,,,,,
09/04/2021,,,,,,,,,,,,,,
21/11/2019,,,,,,,,,,,,,,
06/07/2021,,,,,,,,,,,,,,
10/08/2022,,,,,,,,,,,,,,
15/01/2021,,,,,,,,,,,,,,
21/11/2019,,,,,,,,,,,,,,
21/09/2023,,,,,,,,,,,,,,
16/06/2021,,,,,,,,,,,,,,
21/01/2021,,,,,,,,,,,,,,
15/01/2021,,,,,,,,,,,,,,
23/11/2019,,,,,,,,,,,,,,
20/07/2021,,,,,,,,,,,,,,
09/11/2019,,,,,,,,,,,,,,
10/02/2021,,,,,,,,,,,,,,
17/06/2020,,,,,,,,,,,,,,
11/12/2019,,,,,,,,,,,,,,
11/01/2021,,,,,,,,,,,,,,
07/11/2017,,,,,,,,,,,,,,
03/07/2020,,,,,,,,,,,,,,
13/11/2020,,,,,,,,,,,,,,
13/08/2020,,,,,,,,,,,,,,
21/08/2020,,,,,,,,,,,,,,
27/11/2020,,,,,,,,,,,,,,
13/08/2020,,,,,,,,,,,,,,
23/01/2019,,,,,,,,,,,,,,
21/07/2020,,,,,,,,,,,,,,
07/08/2020,,,,,,,,,,,,,,
12/03/2021,,,,,,,,,,,,,,
01/10/2020,,,,,,,,,,,,,,
02/03/2020,,,,,,,,,,,,,,
07/01/2021,,,,,,,,,,,,,,
06/01/2021,,,,,,,,,,,,,,
04/02/2021,,,,,,,,,,,,,,
21/12/2021,,,,,,,,,,,,,,
08/01/2021,,,,,,,,,,,,,,
25/05/2020,,,,,,,,,,,,,,
02/07/2018,,,,,,,,,,,,,,
12/10/2019,,,,,,,,,,,,,,
01/02/2021,,,,,,,,,,,,,,
07/01/2020,,,,,,,,,,,,,,
03/01/2020,,,,,,,,,,,,,,
18/12/2020,,,,,,,,,,,,,,
12/12/2019,,,,,,,,,,,,,,
01/11/2019,,,,,,,,,,,,,,
07/01/2021,,,,,,,,,,,,,,
06/01/2021,,,,,,,,,,,,,,
27/08/2021,,,,,,,,,,,,,,
24/05/2019,,,,,,,,,,,,,,
10/05/2023,,,,,,,,,,,,,,
11/02/2021,,,,,,,,,,,,,,
22/06/2020,,,,,,,,,,,,,,
10/01/2019,,,,,,,,,,,,,,
03/03/2021,,,,,,,,,,,,,,
20/07/2021,,,,,,,,,,,,,,
04/01/2023,,,,,,,,,,,,,,
06/10/2022,,,,,,,,,,,,,,
02/06/2021,,,,,,,,,,,,,,
07/01/2021,,,,,,,,,,,,,,
27/03/2020,,,,,,,,,,,,,,
05/08/2021,,,,,,,,,,,,,,
18/01/2021,,,,,,,,,,,,,,
02/11/2022,,,,,,,,,,,,,,
11/01/2021,,,,,,,,,,,,,,
17/01/2020,,,,,,,,,,,,,,
24/03/2021,,,,,,,,,,,,,,
07/12/2022,,,,,,,,,,,,,,
06/03/2024,,,,,,,,,,,,,,
09/12/2021,,,,,,,,,,,,,,
27/05/2021,,,,,,,,,,,,,,
10/10/2019,,,,,,,,,,,,,,
09/06/2020,,,,,,,,,,,,,,
19/12/2022,,,,,,,,,,,,,,
14/02/2022,,,,,,,,,,,,,,
15/06/2023,,,,,,,,,,,,,,
27/09/2023,,,,,,,,,,,,,,
05/03/2020,,,,,,,,,,,,,,
18/10/2021,,,,,,,,,,,,,,
24/10/2019,,,,,,,,,,,,,,
07/10/2019,,,,,,,,,,,,,,
13/08/2020,,,,,,,,,,,,,,
10/01/2019,,,,,,,,,,,,,,
15/10/2021,,,,,,,,,,,,,,
21/12/2020,,,,,,,,,,,,,,
07/11/2017,,,,,,,,,,,,,,
05/06/2019,,,,,,,,,,,,,,
04/12/2023,,,,,,,,,,,,,,
28/11/2023,,,,,,,,,,,,,,
17/10/2019,,,,,,,,,,,,,,
13/03/2020,,,,,,,,,,,,,,
22/12/2020,,,,,,,,,,,,,,
23/06/2023,,,,,,,,,,,,,,
04/08/2021,,,,,,,,,,,,,,
31/01/2020,,,,,,,,,,,,,,
28/09/2023,,,,,,,,,,,,,,
18/12/2020,,,,,,,,,,,,,,
21/12/2020,,,,,,,,,,,,,,
18/11/2020,,,,,,,,,,,,,,
05/06/2020,,,,,,,,,,,,,,
29/01/2021,,,,,,,,,,,,,,
24/01/2023,,,,,,,,,,,,,,
21/10/2019,,,,,,,,,,,,,,
17/02/2021,,,,,,,,,,,,,,
14/07/2021,,,,,,,,,,,,,,
07/11/2017,,,,,,,,,,,,,,
02/10/2020,,,,,,,,,,,,,,
01/06/2023,,,,,,,,,,,,,,
21/10/2019,,,,,,,,,,,,,,
15/05/2018,,,,,,,,,,,,,,
09/01/2020,,,,,,,,,,,,,,
30/05/2023,,,,,,,,,,,,,,
31/10/2019,,,,,,,,,,,,,,
20/03/2020,,,,,,,,,,,,,,
09/01/2020,,,,,,,,,,,,,,
09/07/2020,,,,,,,,,,,,,,
14/07/2021,,,,,,,,,,,,,,
22/12/2021,,,,,,,,,,,,,,
04/11/2019,,,,,,,,,,,,,,
23/03/2020,,,,,,,,,,,,,,
21/04/2021,,,,,,,,,,,,,,
11/03/2022,,,,,,,,,,,,,,
14/10/2019,,,,,,,,,,,,,,
12/07/2023,,,,,,,,,,,,,,
19/11/2019,,,,,,,,,,,,,,
16/06/2023,,,,,,,,,,,,,,
15/06/2023,,,,,,,,,,,,,,
16/12/2020,,,,,,,,,,,,,,
19/11/2020,,,,,,,,,,,,,,
24/05/2023,,,,,,,,,,,,,,
19/11/2019,,,,,,,,,,,,,,
31/01/2019,,,,,,,,,,,,,,
11/10/2019,,,,,,,,,,,,,,
23/12/2020,,,,,,,,,,,,,,
08/01/2021,,,,,,,,,,,,,,
08/01/2021,,,,,,,,,,,,,,
16/12/2020,,,,,,,,,,,,,,
19/11/2019,,,,,,,,,,,,,,
19/03/2020,,,,,,,,,,,,,,
05/11/2019,,,,,,,,,,,,,,
15/08/2022,,,,,,,,,,,,,,
12/12/2019,,,,,,,,,,,,,,
07/11/2019,,,,,,,,,,,,,,
21/07/2021,,,,,,,,,,,,,,
21/11/2020,,,,,,,,,,,,,,
09/10/2019,,,,,,,,,,,,,,
03/12/2020,,,,,,,,,,,,,,
28/09/2020,,,,,,,,,,,,,,
10/07/2020,,,,,,,,,,,,,,
17/10/2019,,,,,,,,,,,,,,
18/10/2019,,,,,,,,,,,,,,
02/07/2018,,,,,,,,,,,,,,
08/09/2020,,,,,,,,,,,,,,
08/11/2019,,,,,,,,,,,,,,
16/02/2024,,,,,,,,,,,,,,
07/11/2017,,,,,,,,,,,,,,
11/09/2020,,,,,,,,,,,,,,
27/01/2020,,,,,,,,,,,,,,
22/01/2020,,,,,,,,,,,,,,
19/10/2019,,,,,,,,,,,,,,
26/11/2020,,,,,,,,,,,,,,
03/07/2018,,,,,,,,,,,,,,
07/01/2021,,,,,,,,,,,,,,
11/08/2023,,,,,,,,,,,,,,
20/10/2023,,,,,,,,,,,,,,
21/07/2021,,,,,,,,,,,,,,
20/11/2019,,,,,,,,,,,,,,
15/03/2021,,,,,,,,,,,,,,
07/01/2021,,,,,,,,,,,,,,
18/08/2023,,,,,,,,,,,,,,
13/03/2021,,,,,,,,,,,,,,
07/11/2017,,,,,,,,,,,,,,
14/10/2019,,,,,,,,,,,,,,
01/10/2021,,,,,,,,,,,,,,
04/11/2019,,,,,,,,,,,,,,
01/07/2021,,,,,,,,,,,,,,
22/03/2021,,,,,,,,,,,,,,
19/02/2021,,,,,,,,,,,,,,
21/10/2019,,,,,,,,,,,,,,
24/04/2019,,,,,,,,,,,,,,
25/03/2024,,,,,,,,,,,,,,
10/10/2019,,,,,,,,,,,,,,
11/01/2021,,,,,,,,,,,,,,
05/11/2020,,,,,,,,,,,,,,
05/11/2019,,,,,,,,,,,,,,
04/08/2020,,,,,,,,,,,,,,
26/10/2019,,,,,,,,,,,,,,
07/11/2017,,,,,,,,,,,,,,
10/12/2018,,,,,,,,,,,,,,
16/10/2019,,,,,,,,,,,,,,
12/03/2020,,,,,,,,,,,,,,
01/03/2021,,,,,,,,,,,,,,
18/10/2019,,,,,,,,,,,,,,
11/03/2021,,,,,,,,,,,,,,
27/03/2024,,,,,,,,,,,,,,
30/03/2023,,,,,,,,,,,,,,
02/11/2020,,,,,,,,,,,,,,
27/05/2020,,,,,,,,,,,,,,
20/07/2023,,,,,,,,,,,,,,
17/10/2023,,,,,,,,,,,,,,
22/07/2021,,,,,,,,,,,,,,
24/01/2020,,,,,,,,,,,,,,
07/01/2021,,,,,,,,,,,,,,
16/04/2018,,,,,,,,,,,,,,
22/01/2020,,,,,,,,,,,,,,
25/03/2020,,,,,,,,,,,,,,
10/01/2020,,,,,,,,,,,,,,
10/09/2021,,,,,,,,,,,,,,
15/06/2020,,,,,,,,,,,,,,
03/06/2020,,,,,,,,,,,,,,
03/07/2018,,,,,,,,,,,,,,
03/02/2021,,,,,,,,,,,,,,
13/08/2020,,,,,,,,,,,,,,
26/02/2021,,,,,,,,,,,,,,
30/07/2020,,,,,,,,,,,,,,
25/05/2020,,,,,,,,,,,,,,
23/07/2020,,,,,,,,,,,,,,
11/02/2021,,,,,,,,,,,,,,
07/08/2020,,,,,,,,,,,,,,
08/12/2023,,,,,,,,,,,,,,
05/12/2019,,,,,,,,,,,,,,
13/11/2020,,,,,,,,,,,,,,
03/11/2020,,,,,,,,,,,,,,
10/05/2018,,,,,,,,,,,,,,
29/10/2020,,,,,,,,,,,,,,
23/12/2020,,,,,,,,,,,,,,
29/11/2019,,,,,,,,,,,,,,
13/04/2021,,,,,,,,,,,,,,
03/12/2019,,,,,,,,,,,,,,
07/11/2017,,,,,,,,,,,,,,
25/07/2018,,,,,,,,,,,,,,
18/12/2023,,,,,,,,,,,,,,
10/08/2023,,,,,,,,,,,,,,
03/12/2019,,,,,,,,,,,,,,
08/01/2020,,,,,,,,,,,,,,
04/08/2023,,,,,,,,,,,,,,
26/05/2022,,,,,,,,,,,,,,
31/07/2020,,,,,,,,,,,,,,
25/06/2018,,,,,,,,,,,,,,
02/11/2019,,,,,,,,,,,,,,
07/01/2020,,,,,,,,,,,,,,
14/10/2020,,,,,,,,,,,,,,
19/05/2020,,,,,,,,,,,,,,
09/08/2018,,,,,,,,,,,,,,
09/10/2019,,,,,,,,,,,,,,
20/03/2020,,,,,,,,,,,,,,
07/01/2020,,,,,,,,,,,,,,
11/12/2019,,,,,,,,,,,,,,
07/11/2017,,,,,,,,,,,,,,
08/10/2019,,,,,,,,,,,,,,
04/05/2023,,,,,,,,,,,,,,
11/05/2021,,,,,,,,,,,,,,
26/01/2021,,,,,,,,,,,,,,
10/05/2023,,,,,,,,,,,,,,
20/04/2021,,,,,,,,,,,,,,
22/02/2021,,,,,,,,,,,,,,
06/11/2019,,,,,,,,,,,,,,
13/03/2020,,,,,,,,,,,,,,
06/11/2019,,,,,,,,,,,,,,
19/05/2022,,,,,,,,,,,,,,
16/07/2018,,,,,,,,,,,,,,
14/04/2021,,,,,,,,,,,,,,
09/12/2020,,,,,,,,,,,,,,
11/11/2019,,,,,,,,,,,,,,
01/09/2020,,,,,,,,,,,,,,
16/08/2021,,,,,,,,,,,,,,
18/11/2019,,,,,,,,,,,,,,
25/06/2020,,,,,,,,,,,,,,
15/03/2021,,,,,,,,,,,,,,
21/02/2024,,,,,,,,,,,,,,
14/12/2017,,,,,,,,,,,,,,
01/04/2021,,,,,,,,,,,,,,
18/10/2023,,,,,,,,,,,,,,
18/12/2020,,,,,,,,,,,,,,
18/12/2020,,,,,,,,,,,,,,
13/03/2021,,,,,,,,,,,,,,
29/11/2019,,,,,,,,,,,,,,
22/07/2021,,,,,,,,,,,,,,
29/11/2019,,,,,,,,,,,,,,
08/01/2021,,,,,,,,,,,,,,
10/10/2019,,,,,,,,,,,,,,
25/03/2021,,,,,,,,,,,,,,
25/07/2023,,,,,,,,,,,,,,
16/10/2019,,,,,,,,,,,,,,
02/06/2020,,,,,,,,,,,,,,
16/10/2019,,,,,,,,,,,,,,
08/04/2021,,,,,,,,,,,,,,
11/01/2024,,,,,,,,,,,,,,
31/10/2019,,,,,,,,,,,,,,
05/03/2020,,,,,,,,,,,,,,
07/11/2017,,,,,,,,,,,,,,
11/02/2021,,,,,,,,,,,,,,
09/11/2019,,,,,,,,,,,,,,
14/07/2020,,,,,,,,,,,,,,
06/07/2023,,,,,,,,,,,,,,
13/10/2020,,,,,,,,,,,,,,
23/10/2020,,,,,,,,,,,,,,
15/01/2019,,,,,,,,,,,,,,
09/05/2018,,,,,,,,,,,,,,
27/11/2019,,,,,,,,,,,,,,
07/11/2017,,,,,,,,,,,,,,
26/10/2019,,,,,,,,,,,,,,
12/11/2019,,,,,,,,,,,,,,
19/03/2021,,,,,,,,,,,,,,
04/03/2021,,,,,,,,,,,,,,
21/12/2020,,,,,,,,,,,,,,
02/04/2021,,,,,,,,,,,,,,
12/02/2020,,,,,,,,,,,,,,
05/07/2018,,,,,,,,,,,,,,
05/12/2019,,,,,,,,,,,,,,
28/10/2019,,,,,,,,,,,,,,
30/11/2020,,,,,,,,,,,,,,
22/01/2020,,,,,,,,,,,,,,
22/09/2020,,,,,,,,,,,,,,
28/11/2023,,,,,,,,,,,,,,
12/03/2020,,,,,,,,,,,,,,
08/08/2023,,,,,,,,,,,,,,
15/10/2019,,,,,,,,,,,,,,
18/02/2021,,,,,,,,,,,,,,
12/03/2021,,,,,,,,,,,,,,
15/01/2019,,,,,,,,,,,,,,
12/03/2021,,,,,,,,,,,,,,
17/09/2021,,,,,,,,,,,,,,
28/05/2020,,,,,,,,,,,,,,
05/02/2020,,,,,,,,,,,,,,
29/09/2023,,,,,,,,,,,,,,
05/06/2020,,,,,,,,,,,,,,
11/09/2020,,,,,,,,,,,,,,
15/03/2021,,,,,,,,,,,,,,
13/04/2021,,,,,,,,,,,,,,
15/10/2019,,,,,,,,,,,,,,
27/09/2021,,,,,,,,,,,,,,
11/12/2019,,,,,,,,,,,,,,
14/08/2021,,,,,,,,,,,,,,
03/01/2019,,,,,,,,,,,,,,
03/01/2020,,,,,,,,,,,,,,
28/11/2019,,,,,,,,,,,,,,
16/04/2021,,,,,,,,,,,,,,
28/03/2019,,,,,,,,,,,,,,
07/11/2017,,,,,,,,,,,,,,
25/10/2019,,,,,,,,,,,,,,
01/10/2020,,,,,,,,,,,,,,
06/11/2019,,,,,,,,,,,,,,
30/01/2019,,,,,,,,,,,,,,
15/04/2021,,,,,,,,,,,,,,
18/03/2021,,,,,,,,,,,,,,
18/09/2020,,,,,,,,,,,,,,
04/03/2021,,,,,,,,,,,,,,
06/11/2020,,,,,,,,,,,,,,
03/03/2021,,,,,,,,,,,,,,
29/01/2020,,,,,,,,,,,,,,
14/11/2019,,,,,,,,,,,,,,
21/05/2020,,,,,,,,,,,,,,
24/06/2021,,,,,,,,,,,,,,
18/09/2020,,,,,,,,,,,,,,
18/01/2021,,,,,,,,,,,,,,
12/08/2020,,,,,,,,,,,,,,
15/05/2021,,,,,,,,,,,,,,
22/03/2024,,,,,,,,,,,,,,
20/07/2021,,,,,,,,,,,,,,
25/05/2020,,,,,,,,,,,,,,
07/11/2017,,,,,,,,,,,,,,
08/09/2020,,,,,,,,,,,,,,
08/03/2022,,,,,,,,,,,,,,
17/05/2021,,,,,,,,,,,,,,
18/07/2023,,,,,,,,,,,,,,
21/04/2021,,,,,,,,,,,,,,
05/11/2019,,,,,,,,,,,,,,
26/08/2020,,,,,,,,,,,,,,
09/08/2021,,,,,,,,,,,,,,
05/01/2024,,,,,,,,,,,,,,
07/11/2017,,,,,,,,,,,,,,
07/11/2017,,,,,,,,,,,,,,
30/11/2023,,,,,,,,,,,,,,
07/11/2017,,,,,,,,,,,,,,
07/11/2017,,,,,,,,,,,,,,
06/09/2021,,,,,,,,,,,,,,
07/11/2017,,,,,,,,,,,,,,
12/03/2024,,,,,,,,,,,,,,
07/11/2017,,,,,,,,,,,,,,
08/11/2023,,,,,,,,,,,,,,
07/11/2017,,,,,,,,,,,,,,
07/11/2017,,,,,,,,,,,,,,
08/01/2024,,,,,,,,,,,,,,
06/03/2024,,,,,,,,,,,,,,
11/03/2024,,,,,,,,,,,,,,
07/11/2017,,,,,,,,,,,,,,
19/11/2021,,,,,,,,,,,,,,
07/11/2017,,,,,,,,,,,,,,
18/02/2022,,,,,,,,,,,,,,
20/11/2023,,,,,,,,,,,,,,
07/11/2017,,,,,,,,,,,,,,
15/09/2021,,,,,,,,,,,,,,
10/09/2021,,,,,,,,,,,,,,
13/09/2021,,,,,,,,,,,,,,
22/08/2019,,,,,,,,,,,,,,
14/09/2021,,,,,,,,,,,,,,
07/11/2017,,,,,,,,,,,,,,
26/10/2021,,,,,,,,,,,,,,
19/02/2022,,,,,,,,,,,,,,
22/10/2021,,,,,,,,,,,,,,
07/11/2017,,,,,,,,,,,,,,
23/11/2021,,,,,,,,,,,,,,
12/01/2024,,,,,,,,,,,,,,
15/12/2023,,,,,,,,,,,,,,
20/11/2023,,,,,,,,,,,,,,
07/11/2017,,,,,,,,,,,,,,
27/10/2021,,,,,,,,,,,,,,
07/11/2017,,,,,,,,,,,,,,
29/10/2021,,,,,,,,,,,,,,
16/09/2021,,,,,,,,,,,,,,
07/11/2017,,,,,,,,,,,,,,
07/11/2017,,,,,,,,,,,,,,
20/09/2021,,,,,,,,,,,,,,
07/11/2017,,,,,,,,,,,,,,
07/11/2017,,,,,,,,,,,,,,
10/11/2023,,,,,,,,,,,,,,
17/02/2022,,,,,,,,,,,,,,
07/11/2017,,,,,,,,,,,,,,
07/11/2017,,,,,,,,,,,,,,
05/11/2021,,,,,,,,,,,,,,
07/11/2017,,,,,,,,,,,,,,
18/05/2022,,,,,,,,,,,,,,
07/11/2017,,,,,,,,,,,,,,
07/11/2017,,,,,,,,,,,,,,
24/11/2023,,,,,,,,,,,,,,
05/01/2024,,,,,,,,,,,,,,
15/11/2023,,,,,,,,,,,,,,
03/09/2021,,,,,,,,,,,,,,
14/12/2023,,,,,,,,,,,,,,
14/12/2023,,,,,,,,,,,,,,
12/01/2024,,,,,,,,,,,,,,
17/11/2023,,,,,,,,,,,,,,
12/12/2023,,,,,,,,,,,,,,
12/12/2023,,,,,,,,,,,,,,
10/01/2024,,,,,,,,,,,,,,
24/06/2021,,,,,,,,,,,,,,
07/11/2017,,,,,,,,,,,,,,
01/12/2023,,,,,,,,,,,,,,
07/11/2017,,,,,,,,,,,,,,
07/11/2017,,,,,,,,,,,,,,
07/11/2017,,,,,,,,,,,,,,
07/11/2017,,,,,,,,,,,,,,
07/11/2017,,,,,,,,,,,,,,
08/01/2024,,,,,,,,,,,,,,
07/11/2017,,,,,,,,,,,,,,
19/12/2023,,,,,,,,,,,,,,
29/11/2021,,,,,,,,,,,,,,
14/06/2021,,,,,,,,,,,,,,
10/06/2021,,,,,,,,,,,,,,
07/11/2017,,,,,,,,,,,,,,
09/11/2022,,,,,,,,,,,,,,
07/11/2017,,,,,,,,,,,,,,
07/11/2017,,,,,,,,,,,,,,
04/01/2024,,,,,,,,,,,,,,
04/01/2024,,,,,,,,,,,,,,
22/02/2024,,,,,,,,,,,,,,
07/11/2017,,,,,,,,,,,,,,
06/11/2023,,,,,,,,,,,,,,
22/02/2024,,,,,,,,,,,,,,
21/02/2024,,,,,,,,,,,,,,
07/11/2017,,,,,,,,,,,,,,
07/11/2017,,,,,,,,,,,,,,
05/06/2022,,,,,,,,,,,,,,
14/11/2023,,,,,,,,,,,,,,
04/12/2023,,,,,,,,,,,,,,
29/03/2024,,,,,,,,,,,,,,
08/09/2021,,,,,,,,,,,,,,
05/03/2024,,,,,,,,,,,,,,
07/11/2017,,,,,,,,,,,,,,
07/11/2017,,,,,,,,,,,,,,
07/11/2017,,,,,,,,,,,,,,
22/11/2023,,,,,,,,,,,,,,
06/03/2024,,,,,,,,,,,,,,
29/03/2022,,,,,,,,,,,,,,
07/11/2017,,,,,,,,,,,,,,
15/11/2021,,,,,,,,,,,,,,
04/12/2023,,,,,,,,,,,,,,
04/03/2024,,,,,,,,,,,,,,
16/11/2021,,,,,,,,,,,,,,
17/05/2023,,,,,,,,,,,,,,
21/10/2021,,,,,,,,,,,,,,
06/12/2023,,,,,,,,,,,,,,
29/02/2024,,,,,,,,,,,,,,
07/11/2017,,,,,,,,,,,,,,
07/11/2017,,,,,,,,,,,,,,
07/11/2017,,,,,,,,,,,,,,
07/11/2017,,,,,,,,,,,,,,
07/11/2017,,,,,,,,,,,,,,
03/11/2021,,,,,,,,,,,,,,
17/11/2023,,,,,,,,,,,,,,
21/09/2021,,,,,,,,,,,,,,
09/06/2021,,,,,,,,,,,,,,
21/09/2021,,,,,,,,,,,,,,
07/11/2017,,,,,,,,,,,,,,
07/11/2017,,,,,,,,,,,,,,
15/11/2021,,,,,,,,,,,,,,
21/04/2023,,,,,,,,,,,,,,
16/06/2022,,,,,,,,,,,,,,
07/11/2017,,,,,,,,,,,,,,
23/11/2023,,,,,,,,,,,,,,
20/11/2021,,,,,,,,,,,,,,
09/01/2024,,,,,,,,,,,,,,
23/11/2023,,,,,,,,,,,,,,
01/12/2023,,,,,,,,,,,,,,
28/11/2023,,,,,,,,,,,,,,
09/01/2024,,,,,,,,,,,,,,
11/01/2024,,,,,,,,,,,,,,
11/12/2023,,,,,,,,,,,,,,
07/11/2017,,,,,,,,,,,,,,
07/11/2023,,,,,,,,,,,,,,
07/11/2023,,,,,,,,,,,,,,
15/01/2024,,,,,,,,,,,,,,
07/11/2017,,,,,,,,,,,,,,
11/12/2023,,,,,,,,,,,,,,
29/11/2022,,,,,,,,,,,,,,
15/12/2023,,,,,,,,,,,,,,
30/05/2021,,,,,,,,,,,,,,
08/12/2023,,,,,,,,,,,,,,
07/11/2017,,,,,,,,,,,,,,
07/11/2017,,,,,,,,,,,,,,
01/11/2021,,,,,,,,,,,,,,
07/11/2017,,,,,,,,,,,,,,
13/12/2023,,,,,,,,,,,,,,
07/11/2017,,,,,,,,,,,,,,
28/11/2023,,,,,,,,,,,,,,
27/02/2024,,,,,,,,,,,,,,
07/11/2017,,,,,,,,,,,,,,
23/02/2024,,,,,,,,,,,,,,
